Investimento por Grupo de Despesa (GND) e Fun‡Æo ;jan/08;fev/08;mar/08;abr/08;mai/08;jun/08;jul/08;ago/08;set/08;out/08;nov/08;dez/08;jan/09;fev/09;mar/09;abr/09;mai/09;jun/09;jul/09;ago/09;set/09;out/09;nov/09;dez/09;jan/10;fev/10;mar/10;abr/10;mai/10;jun/10;jul/10;ago/10;set/10;out/10;nov/10;dez/10;jan/11;fev/11;mar/11;abr/11;mai/11;jun/11;jul/11;ago/11;set/11;out/11;nov/11;dez/11;jan/12;fev/12;mar/12;abr/12;mai/12;jun/12;jul/12;ago/12;set/12;out/12;nov/12;dez/12;jan/13;fev/13;mar/13;abr/13;mai/13;jun/13;jul/13;ago/13;set/13;out/13;nov/13;dez/13;jan/14;fev/14;mar/14;abr/14;mai/14;jun/14;jul/14;ago/14;set/14;out/14;nov/14;dez/14;jan/15;fev/15;mar/15;abr/15;mai/15;jun/15;jul/15;ago/15;set/15;out/15;nov/15;dez/15;jan/16;fev/16;mar/16;abr/16;mai/16;jun/16;jul/16;ago/16;set/16;out/16;nov/16;dez/16;jan/17;fev/17;mar/17;abr/17;mai/17;jun/17;jul/17;ago/17;set/17;out/17;nov/17;dez/17;jan/18;fev/18;mar/18;abr/18;mai/18;jun/18;jul/18;ago/18;set/18;out/18;nov/18;dez/18;jan/19;fev/19;mar/19;abr/19;mai/19;jun/19;jul/19;ago/19;set/19;out/19;nov/19;dez/19;jan/20;fev/20;mar/20;abr/20;mai/20;jun/20;jul/20;ago/20;set/20;out/20;nov/20;dez/20;jan/21;fev/21;mar/21;abr/21;mai/21;jun/21;jul/21;ago/21;set/21;out/21;nov/21;dez/21;jan/22;fev/22;mar/22;abr/22;mai/22;jun/22;jul/22;ago/22;set/22;out/22;nov/22;dez/22;jan/23;fev/23;mar/23;abr/23;mai/23;jun/23;jul/23;ago/23;set/23;out/23;nov/23;dez/23;jan/24;fev/24;mar/24;abr/24;mai/24;jun/24;jul/24;ago/24;set/24
1. INVESTIMENTO TOTAL (1 + 2 + 3); 3.215,9 ; 2.820,1 ; 3.826,2 ; 3.721,9 ; 5.122,0 ; 6.030,2 ; 7.360,1 ; 7.439,5 ; 5.739,2 ; 4.345,5 ; 7.085,7 ; 12.463,1 ; 3.530,1 ; 2.950,6 ; 3.745,4 ; 5.728,7 ; 5.936,9 ; 6.473,9 ; 6.978,1 ; 4.830,2 ; 8.227,5 ; 7.793,1 ; 7.328,2 ; 16.375,6 ; 6.898,5 ; 5.513,9 ; 9.704,0 ; 6.700,0 ; 9.281,2 ; 7.550,4 ; 10.562,6 ; 5.455,3 ; 10.856,3 ; 10.861,4 ; 8.635,1 ; 8.379,9 ; 16.915,1 ; 3.202,0 ; 7.289,5 ; 7.807,6 ; 8.000,7 ; 10.473,0 ; 10.150,6 ; 6.825,6 ; 7.239,9 ; 9.872,8 ; 6.670,8 ; 16.386,8 ; 15.768,1 ; 3.798,1 ; 12.371,4 ; 10.950,5 ; 10.350,0 ; 13.235,8 ; 11.851,8 ; 7.381,8 ; 5.450,0 ; 11.204,5 ; 7.749,7 ; 8.909,9 ; 18.529,1 ; 5.179,3 ; 8.579,1 ; 11.613,2 ; 7.345,2 ; 11.895,9 ; 10.574,6 ; 6.249,7 ; 8.243,3 ; 13.338,5 ; 8.715,7 ; 8.857,7 ; 20.268,8 ; 7.270,9 ; 9.541,6 ; 12.322,5 ; 13.418,4 ; 9.629,9 ; 11.823,7 ; 11.655,3 ; 15.272,7 ; 11.230,1 ; 8.351,4 ; 6.757,5 ; 13.086,4 ; 5.901,6 ; 6.469,2 ; 6.964,2 ; 7.056,3 ; 6.762,1 ; 7.204,6 ; 6.753,3 ; 8.664,0 ; 6.313,3 ; 5.780,8 ; 9.360,7 ; 8.438,2 ; 6.242,0 ; 6.922,0 ; 8.254,3 ; 4.571,5 ; 6.090,3 ; 6.389,8 ; 4.738,3 ; 6.381,7 ; 4.038,3 ; 8.386,5 ; 26.036,2 ; 1.749,5 ; 2.574,8 ; 4.046,3 ; 3.484,4 ; 5.926,5 ; 6.752,8 ; 4.372,2 ; 4.065,9 ; 3.848,2 ; 4.235,3 ; 4.565,3 ; 20.065,3 ; 2.113,3 ; 2.263,9 ; 7.691,5 ; 5.040,3 ; 5.010,1 ; 7.758,5 ; 4.677,7 ; 5.187,9 ; 4.600,5 ; 5.258,7 ; 6.862,2 ; 17.233,8 ; 1.791,9 ; 2.907,5 ; 3.723,1 ; 8.084,4 ; 4.682,4 ; 3.392,7 ; 4.308,9 ; 3.683,2 ; 4.212,7 ; 4.728,4 ; 5.736,7 ; 28.136,2 ; 2.232,8 ; 2.809,7 ; 3.842,3 ; 3.771,6 ; 3.500,9 ; 35.160,3 ; 4.550,8 ; 11.756,4 ; 25.794,3 ; 9.922,4 ; 5.265,2 ; 27.223,7 ; 1.074,9 ; 1.196,4 ; 1.756,0 ; 3.263,5 ; 3.245,0 ; 10.136,4 ; 8.495,9 ; 4.263,1 ; 4.807,6 ; 3.709,2 ; 7.945,3 ; 17.246,2 ; 856,1 ; 2.630,8 ; 5.283,4 ; 2.847,5 ; 3.450,5 ; 6.339,4 ; 4.804,6 ; 3.140,5 ; 3.107,2 ; 2.072,5 ; 2.950,0 ; 11.756,1 ; 1.792,5 ; 2.302,7 ; 4.214,7 ; 3.832,5 ; 6.052,6 ; 5.234,7 ; 7.374,1 ; 8.177,5 ; 5.198,0 ; 8.960,8 ; 7.104,9 ; 24.700,4 ; 1.842,2 ; 4.065,6 ; 4.300,7 ; 5.115,4 ; 9.456,3 ; 7.318,8 ; 12.154,2 ; 3.680,5 ; 4.351,7 
1.1 Investimentos (GND 4); 2.123,2 ; 2.794,7 ; 3.812,1 ; 3.688,0 ; 5.079,7 ; 5.965,5 ; 6.733,5 ; 6.322,1 ; 5.669,3 ; 4.031,5 ; 6.442,6 ; 11.595,6 ; 2.686,9 ; 2.734,8 ; 3.862,0 ; 4.989,4 ; 5.904,0 ; 6.444,1 ; 6.713,9 ; 5.199,3 ; 7.634,3 ; 7.567,7 ; 7.025,6 ; 14.768,5 ; 4.416,6 ; 5.884,7 ; 9.184,9 ; 6.953,8 ; 8.436,4 ; 8.331,9 ; 9.975,5 ; 6.110,5 ; 8.933,7 ; 8.402,3 ; 7.964,3 ; 15.475,4 ; 6.854,6 ; 3.252,6 ; 7.599,9 ; 6.057,0 ; 6.466,7 ; 7.626,7 ; 6.836,8 ; 6.567,7 ; 6.589,8 ; 6.226,3 ; 7.625,4 ; 16.324,4 ; 3.479,4 ; 3.869,8 ; 7.600,4 ; 6.411,0 ; 7.506,0 ; 9.341,3 ; 10.348,9 ; 6.558,7 ; 6.888,3 ; 9.532,2 ; 7.843,1 ; 13.944,7 ; 3.311,2 ; 4.812,5 ; 7.234,0 ; 8.092,3 ; 7.806,7 ; 7.646,4 ; 8.578,9 ; 7.623,7 ; 6.613,1 ; 9.605,9 ; 6.248,9 ; 11.188,0 ; 10.427,5 ; 6.528,6 ; 5.996,8 ; 10.027,3 ; 9.776,2 ; 6.542,5 ; 9.901,0 ; 12.040,6 ; 9.491,7 ; 7.148,7 ; 4.861,8 ; 8.582,0 ; 6.507,1 ; 4.720,5 ; 4.421,1 ; 3.528,3 ; 4.860,4 ; 4.849,2 ; 5.494,2 ; 4.358,9 ; 6.282,3 ; 4.884,5 ; 5.423,4 ; 7.782,0 ; 5.864,2 ; 4.920,5 ; 6.176,1 ; 5.588,2 ; 3.815,6 ; 5.069,9 ; 5.564,0 ; 3.941,2 ; 3.729,4 ; 3.421,0 ; 4.793,5 ; 18.688,6 ; 1.681,6 ; 2.391,3 ; 3.889,0 ; 2.583,3 ; 4.894,9 ; 4.443,7 ; 3.788,1 ; 3.765,3 ; 3.853,9 ; 3.950,2 ; 3.942,9 ; 15.248,0 ; 1.270,2 ; 2.084,5 ; 5.487,6 ; 3.634,5 ; 4.969,7 ; 4.974,4 ; 4.297,5 ; 4.524,3 ; 3.881,2 ; 4.696,8 ; 5.856,4 ; 11.603,6 ; 1.653,4 ; 2.046,3 ; 3.124,5 ; 3.725,9 ; 3.840,0 ; 2.775,9 ; 3.964,8 ; 3.423,5 ; 3.576,1 ; 4.600,4 ; 5.342,4 ; 12.423,5 ; 2.096,1 ; 1.656,9 ; 3.840,1 ; 3.769,5 ; 3.376,6 ; 5.240,8 ; 4.396,6 ; 5.059,6 ; 3.659,7 ; 3.250,1 ; 4.421,7 ; 13.530,9 ; 447,1 ; 1.196,3 ; 1.755,5 ; 3.163,7 ; 2.432,7 ; 6.262,5 ; 2.951,7 ; 4.127,7 ; 4.789,8 ; 3.701,4 ; 3.336,6 ; 8.539,5 ; 843,6 ; 2.276,0 ; 5.067,4 ; 2.838,4 ; 3.001,4 ; 6.111,9 ; 4.803,5 ; 2.776,7 ; 3.013,9 ; 1.962,1 ; 2.754,1 ; 8.983,6 ; 1.790,2 ; 1.662,4 ; 4.213,9 ; 3.681,9 ; 4.751,2 ; 4.281,2 ; 3.963,8 ; 8.170,4 ; 4.506,3 ; 6.876,3 ; 5.066,2 ; 12.470,3 ; 1.841,9 ; 2.147,1 ; 3.790,8 ; 4.809,6 ; 4.444,0 ; 5.900,2 ; 9.168,3 ; 2.868,4 ; 2.813,4 
1.1.01 Legislativa; 4,6 ; 5,1 ; 14,0 ; 13,8 ; 17,3 ; 10,5 ; 17,2 ; 23,4 ; 29,1 ; 19,1 ; 22,1 ; 20,5 ; 12,3 ; 13,8 ; 17,8 ; 11,3 ; 17,7 ; 12,2 ; 6,2 ; 7,0 ; 14,1 ; 11,8 ; 11,0 ; 15,8 ; 6,0 ; 9,9 ; 13,8 ; 16,3 ; 20,8 ; 17,7 ; 22,1 ; 22,7 ; 21,5 ; 26,9 ; 19,8 ; 34,8 ; 23,6 ; 26,5 ; 26,8 ; 19,0 ; 25,4 ; 37,5 ; 29,1 ; 26,4 ; 19,5 ; 15,3 ; 20,5 ; 20,3 ; 9,8 ; 11,6 ; 13,4 ; 19,0 ; 19,4 ; 17,5 ; 27,2 ; 14,6 ; 15,2 ; 17,9 ; 7,5 ; 21,6 ; 7,8 ; 14,2 ; 11,7 ; 19,3 ; 15,4 ; 11,6 ; 17,3 ; 25,1 ; 11,1 ; 13,5 ; 6,2 ; 18,6 ; 23,5 ; 20,1 ; 17,2 ; 33,4 ; 13,0 ; 18,8 ; 19,2 ; 19,0 ; 30,5 ; 36,2 ; 22,1 ; 50,5 ; 31,2 ; 20,3 ; 43,9 ; 20,5 ; 28,6 ; 25,9 ; 29,1 ; 23,0 ; 17,9 ; 12,5 ; 23,9 ; 31,3 ; 12,0 ; 13,3 ; 35,4 ; 28,9 ; 37,3 ; 24,8 ; 21,5 ; 20,1 ; 19,6 ; 21,3 ; 19,8 ; 90,1 ; 4,3 ; 12,4 ; 16,4 ; 10,0 ; 19,4 ; 9,2 ; 10,1 ; 7,1 ; 10,8 ; 8,5 ; 27,4 ; 30,0 ; 3,0 ; 7,0 ; 7,0 ; 5,9 ; 4,3 ; 5,8 ; 9,0 ; 12,5 ; 8,3 ; 9,0 ; 6,1 ; 30,5 ; 3,2 ; 5,2 ; 3,6 ; 6,7 ; 5,7 ; 7,1 ; 4,3 ; 10,2 ; 6,8 ; 2,8 ; 7,6 ; 11,4 ; 2,5 ; 3,4 ; 4,0 ; 9,3 ; 4,8 ; 7,0 ; 13,8 ; 4,1 ; 19,0 ; 8,7 ; 6,3 ; 24,6 ; 1,2 ; 3,8 ; 2,9 ; 22,5 ; 8,8 ; 6,7 ; 3,4 ; 9,9 ; 2,8 ; 4,0 ; 9,5 ; 17,5 ; 2,1 ; 1,8 ; 4,2 ; 1,4 ; 1,4 ; 3,6 ; 1,9 ; 5,2 ; 18,5 ; 17,0 ; 1,1 ; 42,1 ; 8,8 ; 3,1 ; 6,1 ; 5,8 ; 11,8 ; 10,7 ; 13,1 ; 11,1 ; 16,0 ; 8,3 ; 10,8 ; 18,5 ; 2,8 ; 5,7 ; 15,7 ; 28,3 ; 14,0 ; 15,8 ; 8,3 ; 9,3 ; 12,5 
1.1.02 Judici ria; 113,7 ; 164,9 ; 165,8 ; 184,8 ; 167,0 ; 166,4 ; 120,7 ; 205,3 ; 214,2 ; 172,3 ; 126,6 ; 177,9 ; 78,1 ; 112,7 ; 211,7 ; 159,7 ; 121,0 ; 119,1 ; 155,1 ; 123,2 ; 102,8 ; 108,2 ; 132,9 ; 182,4 ; 88,1 ; 102,4 ; 155,2 ; 160,4 ; 162,6 ; 194,2 ; 303,4 ; 272,4 ; 235,7 ; 174,6 ; 136,3 ; 175,7 ; 137,1 ; 109,1 ; 129,8 ; 199,1 ; 165,1 ; 169,2 ; 128,1 ; 124,6 ; 139,0 ; 172,4 ; 158,8 ; 272,8 ; 135,2 ; 197,4 ; 202,2 ; 159,7 ; 188,1 ; 144,5 ; 112,7 ; 173,6 ; 195,6 ; 130,7 ; 102,0 ; 130,3 ; 119,4 ; 128,5 ; 133,2 ; 177,3 ; 158,9 ; 107,7 ; 109,3 ; 98,7 ; 106,3 ; 135,6 ; 87,8 ; 107,9 ; 83,1 ; 99,3 ; 150,4 ; 127,8 ; 198,5 ; 133,5 ; 212,2 ; 119,4 ; 143,9 ; 151,7 ; 99,5 ; 224,1 ; 74,1 ; 127,2 ; 158,9 ; 176,4 ; 136,7 ; 144,6 ; 155,9 ; 102,9 ; 136,6 ; 96,2 ; 112,8 ; 139,2 ; 104,1 ; 106,7 ; 109,8 ; 126,5 ; 156,2 ; 102,4 ; 106,9 ; 152,9 ; 187,1 ; 121,4 ; 52,3 ; 295,1 ; 23,9 ; 33,8 ; 57,3 ; 42,2 ; 66,1 ; 66,7 ; 81,1 ; 51,9 ; 48,1 ; 51,3 ; 81,0 ; 668,7 ; 51,1 ; 76,2 ; 94,9 ; 92,8 ; 100,4 ; 70,3 ; 93,8 ; 85,9 ; 140,1 ; 78,4 ; 94,5 ; 449,4 ; 32,0 ; 55,2 ; 54,6 ; 52,0 ; 40,7 ; 43,8 ; 47,5 ; 63,5 ; 56,1 ; 69,1 ; 102,6 ; 558,5 ; 22,9 ; 33,3 ; 51,2 ; 37,7 ; 32,4 ; 41,3 ; 51,2 ; 58,5 ; 91,5 ; 50,9 ; 53,1 ; 260,3 ; 15,4 ; 27,9 ; 21,6 ; 20,2 ; 19,1 ; 21,1 ; 23,0 ; 22,3 ; 36,6 ; 27,0 ; 44,7 ; 293,0 ; 54,3 ; 77,6 ; 181,0 ; 268,6 ; 236,6 ; 185,3 ; 157,1 ; 168,6 ; 80,2 ; 69,4 ; 79,6 ; 412,1 ; 213,1 ; 58,2 ; 63,8 ; 66,4 ; 66,9 ; 56,2 ; 55,2 ; 91,0 ; 224,9 ; 206,9 ; 278,9 ; 655,6 ; 159,0 ; 249,8 ; 221,7 ; 197,8 ; 129,6 ; 137,0 ; 94,5 ; 81,6 ; 61,6 
1.1.03 Essencial … Justi‡a; 16,9 ; 34,0 ; 35,0 ; 42,2 ; 42,9 ; 25,2 ; 24,8 ; 19,7 ; 33,8 ; 12,8 ; 21,4 ; 29,2 ; 16,9 ; 32,2 ; 46,9 ; 75,1 ; 38,6 ; 30,2 ; 24,4 ; 23,6 ; 55,3 ; 19,4 ; 29,9 ; 70,6 ; 16,7 ; 19,6 ; 38,4 ; 25,6 ; 24,7 ; 50,0 ; 27,7 ; 21,3 ; 52,7 ; 15,7 ; 17,4 ; 50,6 ; 12,5 ; 36,2 ; 37,8 ; 41,3 ; 40,1 ; 22,5 ; 30,4 ; 19,0 ; 23,3 ; 16,9 ; 24,5 ; 21,0 ; 14,4 ; 39,4 ; 39,1 ; 39,1 ; 36,0 ; 38,8 ; 55,2 ; 32,0 ; 32,0 ; 29,2 ; 23,5 ; 31,0 ; 22,1 ; 30,3 ; 30,1 ; 46,8 ; 50,8 ; 28,7 ; 39,7 ; 42,3 ; 31,7 ; 22,0 ; 27,0 ; 25,7 ; 16,4 ; 35,7 ; 32,2 ; 33,4 ; 44,3 ; 41,3 ; 32,5 ; 37,1 ; 32,9 ; 26,6 ; 22,8 ; 37,3 ; 19,9 ; 25,1 ; 39,6 ; 30,2 ; 44,2 ; 41,3 ; 31,8 ; 28,2 ; 35,3 ; 59,6 ; 30,0 ; 34,0 ; 17,0 ; 27,3 ; 54,5 ; 47,0 ; 45,3 ; 43,7 ; 54,7 ; 31,2 ; 36,2 ; 31,8 ; 28,9 ; 89,0 ; 7,5 ; 21,0 ; 36,0 ; 21,2 ; 23,9 ; 27,9 ; 23,8 ; 25,9 ; 24,4 ; 31,3 ; 24,6 ; 88,8 ; 10,6 ; 17,9 ; 18,3 ; 17,7 ; 18,8 ; 32,2 ; 15,4 ; 35,8 ; 14,1 ; 20,2 ; 20,2 ; 44,2 ; 8,6 ; 10,1 ; 7,5 ; 15,0 ; 16,3 ; 5,7 ; 8,2 ; 9,9 ; 14,1 ; 19,5 ; 13,0 ; 16,9 ; 8,9 ; 4,0 ; 5,8 ; 4,5 ; 2,0 ; 7,8 ; 22,4 ; 10,1 ; 8,4 ; 7,6 ; 11,1 ; 127,7 ; 1,5 ; 12,6 ; 19,1 ; 27,1 ; 4,8 ; 13,8 ; 13,6 ; 4,2 ; 12,1 ; 21,2 ; 30,9 ; 76,5 ; 4,0 ; 5,9 ; 6,9 ; 9,6 ; 23,1 ; 9,3 ; 7,2 ; 8,6 ; 19,9 ; 9,4 ; 19,8 ; 93,4 ; 6,1 ; 4,8 ; 9,4 ; 13,9 ; 19,1 ; 12,0 ; 10,6 ; 39,0 ; 15,9 ; 16,3 ; 15,7 ; 36,3 ; 6,4 ; 5,9 ; 5,3 ; 12,0 ; 9,3 ; 8,2 ; 9,8 ; 6,5 ; 11,1 
1.1.04 Administra‡Æo; 46,8 ; 45,9 ; 71,0 ; 90,0 ; 64,5 ; 92,5 ; 73,9 ; 91,3 ; 41,9 ; 60,7 ; 99,2 ; 100,1 ; 26,2 ; 33,3 ; 83,0 ; 92,2 ; 96,9 ; 117,5 ; 75,9 ; 73,1 ; 75,6 ; 60,2 ; 68,2 ; 117,1 ; 41,5 ; 44,3 ; 154,6 ; 100,8 ; 300,3 ; 74,0 ; 93,8 ; 41,0 ; 58,8 ; 61,4 ; 48,2 ; 148,6 ; 56,7 ; 60,1 ; 114,9 ; 119,4 ; 91,0 ; 132,1 ; 124,4 ; 136,0 ; 118,1 ; 81,6 ; 43,5 ; 231,1 ; 67,7 ; 46,9 ; 87,0 ; 85,8 ; 110,9 ; 59,8 ; 65,4 ; 78,8 ; 29,8 ; 131,6 ; 68,0 ; 109,3 ; 57,9 ; 220,8 ; 517,2 ; 646,0 ; 211,8 ; 144,8 ; 210,1 ; 218,7 ; 99,2 ; 354,9 ; 93,8 ; 254,9 ; 579,2 ; 105,0 ; 113,0 ; 205,5 ; 207,8 ; 152,9 ; 237,2 ; 334,8 ; 335,7 ; 154,5 ; 100,2 ; 139,5 ; 120,3 ; 71,5 ; 85,6 ; 86,4 ; 119,3 ; 101,8 ; 117,7 ; 59,0 ; 104,2 ; 88,6 ; 61,3 ; 109,4 ; 51,8 ; 38,7 ; 63,4 ; 72,1 ; 66,0 ; 63,0 ; 77,0 ; 49,3 ; 54,5 ; 51,6 ; 63,1 ; 142,9 ; 13,7 ; 52,3 ; 69,5 ; 86,4 ; 69,9 ; 89,3 ; 71,6 ; 58,4 ; 72,1 ; 85,7 ; 97,6 ; 144,4 ; 51,0 ; 41,4 ; 75,5 ; 80,4 ; 53,1 ; 50,8 ; 67,2 ; 74,5 ; 87,7 ; 79,4 ; 83,1 ; 164,8 ; 24,4 ; 66,5 ; 33,8 ; 67,9 ; 53,9 ; 55,0 ; 95,7 ; 80,7 ; 25,5 ; 71,2 ; 56,6 ; 150,9 ; 13,3 ; 55,9 ; 57,3 ; 41,5 ; 54,1 ; 77,7 ; 67,5 ; 114,4 ; 36,6 ; 47,9 ; 52,5 ; 132,0 ; 10,4 ; 28,6 ; 47,1 ; 51,6 ; 53,4 ; 46,7 ; 49,2 ; 52,1 ; 33,3 ; 51,4 ; 48,3 ; 110,1 ; 7,2 ; 16,2 ; 41,7 ; 24,5 ; 26,0 ; 35,3 ; 35,9 ; 61,0 ; 67,7 ; 22,5 ; 70,2 ; 183,0 ; 10,4 ; 17,0 ; 65,5 ; 33,6 ; 57,7 ; 83,7 ; 55,0 ; 70,1 ; 76,6 ; 43,3 ; 27,5 ; 146,7 ; 12,8 ; 14,7 ; 78,4 ; 41,5 ; 37,7 ; 29,3 ; 43,5 ; 66,2 ; 46,2 
1.1.05 Defesa Nacional; 329,6 ; 175,5 ; 215,2 ; 245,2 ; 300,6 ; 403,4 ; 436,6 ; 598,6 ; 1.057,8 ; 923,8 ; 1.199,6 ; 2.141,8 ; 357,1 ; 282,3 ; 532,2 ; 471,8 ; 403,9 ; 700,1 ; 654,3 ; 444,5 ; 631,5 ; 503,4 ; 559,4 ; 3.859,0 ; 472,5 ; 1.444,8 ; 1.881,6 ; 419,4 ; 974,4 ; 802,5 ; 1.301,6 ; 482,0 ; 690,0 ; 768,8 ; 1.445,2 ; 4.869,9 ; 734,8 ; 413,5 ; 1.064,4 ; 762,6 ; 649,0 ; 1.353,5 ; 813,1 ; 734,6 ; 1.460,3 ; 666,7 ; 1.493,8 ; 3.541,2 ; 397,6 ; 378,8 ; 1.678,3 ; 806,0 ; 797,8 ; 1.170,5 ; 1.412,6 ; 1.345,5 ; 1.111,2 ; 2.661,0 ; 1.136,6 ; 2.482,5 ; 380,3 ; 885,7 ; 1.448,7 ; 806,7 ; 838,8 ; 2.110,1 ; 2.406,2 ; 1.052,7 ; 601,3 ; 2.040,9 ; 816,8 ; 1.921,4 ; 3.285,1 ; 600,7 ; 461,0 ; 2.728,7 ; 942,9 ; 850,5 ; 1.669,3 ; 1.025,4 ; 2.173,7 ; 864,5 ; 1.372,3 ; 2.411,3 ; 846,8 ; 376,0 ; 501,0 ; 628,9 ; 804,8 ; 646,4 ; 858,0 ; 633,9 ; 1.167,9 ; 696,1 ; 1.360,0 ; 1.676,9 ; 703,1 ; 1.077,5 ; 855,5 ; 2.077,5 ; 594,1 ; 339,9 ; 1.293,0 ; 662,0 ; 383,7 ; 243,9 ; 516,8 ; 4.869,8 ; 220,4 ; 192,4 ; 346,8 ; 415,4 ; 1.582,2 ; 822,5 ; 619,1 ; 686,9 ; 1.001,8 ; 700,9 ; 874,9 ; 4.114,7 ; 246,4 ; 334,1 ; 388,0 ; 647,8 ; 845,8 ; 780,6 ; 575,0 ; 1.460,8 ; 581,9 ; 678,9 ; 1.325,7 ; 3.974,8 ; 267,3 ; 271,2 ; 513,6 ; 426,8 ; 785,2 ; 452,0 ; 551,3 ; 661,3 ; 635,7 ; 1.355,2 ; 1.462,9 ; 3.732,8 ; 232,2 ; 280,8 ; 593,5 ; 620,3 ; 651,3 ; 744,1 ; 704,1 ; 1.053,4 ; 772,6 ; 886,3 ; 833,0 ; 3.126,8 ; 85,3 ; 254,1 ; 743,9 ; 578,4 ; 355,6 ; 1.188,1 ; 497,7 ; 526,4 ; 1.097,5 ; 499,6 ; 651,0 ; 2.296,8 ; 49,5 ; 392,6 ; 381,4 ; 341,1 ; 220,0 ; 1.099,8 ; 718,9 ; 862,4 ; 698,6 ; 371,8 ; 670,8 ; 2.758,7 ; 236,4 ; 251,9 ; 390,4 ; 288,8 ; 587,8 ; 854,8 ; 816,6 ; 513,3 ; 491,9 ; 1.745,6 ; 698,6 ; 1.618,2 ; 269,1 ; 271,8 ; 361,3 ; 624,5 ; 609,5 ; 722,2 ; 921,1 ; 616,3 ; 436,1 
1.1.06 Seguran‡a P£blica; 65,0 ; 125,1 ; 71,1 ; 75,4 ; 59,0 ; 106,3 ; 369,4 ; 126,2 ; 126,9 ; 200,3 ; 186,9 ; 1.122,4 ; 52,0 ; 35,0 ; 60,3 ; 246,0 ; 286,1 ; 1.294,1 ; 247,5 ; 89,8 ; 351,3 ; 185,6 ; 236,4 ; 243,4 ; 87,5 ; 95,2 ; 331,5 ; 200,3 ; 557,2 ; 287,2 ; 1.220,1 ; 462,0 ; 525,1 ; 386,1 ; 274,6 ; 414,9 ; 35,2 ; 66,5 ; 304,3 ; 137,8 ; 232,8 ; 120,8 ; 164,1 ; 195,9 ; 143,6 ; 276,1 ; 98,6 ; 486,4 ; 98,1 ; 50,2 ; 227,9 ; 93,0 ; 110,8 ; 125,2 ; 258,9 ; 77,7 ; 71,1 ; 214,5 ; 311,2 ; 528,4 ; 65,7 ; 92,1 ; 131,2 ; 234,5 ; 168,8 ; 242,0 ; 217,8 ; 198,9 ; 207,0 ; 269,7 ; 148,4 ; 743,4 ; 180,1 ; 49,2 ; 135,2 ; 153,3 ; 259,5 ; 213,6 ; 176,3 ; 165,9 ; 253,3 ; 199,0 ; 198,7 ; 82,9 ; 130,6 ; 37,1 ; 62,5 ; 73,1 ; 108,4 ; 114,3 ; 140,7 ; 108,4 ; 119,6 ; 94,2 ; 73,0 ; 77,7 ; 151,8 ; 77,1 ; 57,3 ; 61,2 ; 124,3 ; 73,1 ; 119,2 ; 86,7 ; 108,0 ; 154,7 ; 139,6 ; 349,0 ; 36,7 ; 129,7 ; 100,6 ; 65,7 ; 109,7 ; 146,2 ; 52,8 ; 112,6 ; 144,0 ; 72,6 ; 97,3 ; 166,1 ; 11,5 ; 31,8 ; 124,5 ; 82,6 ; 117,5 ; 133,0 ; 197,9 ; 102,8 ; 196,5 ; 216,9 ; 269,3 ; 169,7 ; 206,8 ; 204,9 ; 133,3 ; 184,1 ; 158,4 ; 183,2 ; 213,4 ; 244,0 ; 143,4 ; 247,9 ; 178,7 ; 509,5 ; 89,2 ; 75,6 ; 144,1 ; 90,9 ; 154,8 ; 575,9 ; 242,7 ; 182,6 ; 66,8 ; 72,3 ; 131,0 ; 953,1 ; 9,9 ; 9,2 ; 39,7 ; 154,6 ; 100,3 ; 248,6 ; 228,4 ; 155,8 ; 235,5 ; 199,5 ; 659,7 ; 503,9 ; 25,5 ; 80,7 ; 127,3 ; 148,3 ; 87,6 ; 343,0 ; 137,7 ; 63,9 ; 94,1 ; 100,5 ; 123,9 ; 981,1 ; 92,2 ; 65,5 ; 91,0 ; 117,1 ; 191,6 ; 104,8 ; 96,9 ; 633,2 ; 133,9 ; 107,8 ; 186,4 ; 622,2 ; 71,4 ; 143,2 ; 147,5 ; 124,4 ; 97,3 ; 194,2 ; 183,0 ; 135,3 ; 133,6 
1.1.07 Rela‡äes Exteriores; 0,0 ; 0,6 ; 0,9 ; 2,2 ; 3,0 ; 3,2 ; 3,7 ; 5,1 ; 13,5 ; 8,1 ; 49,2 ; 13,6 ; 0,6 ; 13,4 ; 3,5 ; 0,8 ; 1,4 ; 4,7 ; 5,1 ; 6,0 ; 15,7 ; 11,7 ; 20,5 ; 18,0 ; 0,2 ; 11,6 ; 12,0 ; 3,6 ; 6,5 ; 3,2 ; 3,0 ; 5,0 ; 8,9 ; 2,6 ; 12,8 ; 19,7 ; 1,0 ; 1,5 ; 2,2 ; 2,0 ; 2,2 ; 1,8 ; 2,7 ; 3,3 ; 6,0 ; 6,5 ; 12,3 ; 20,9 ; 5,0 ; 6,4 ; 5,0 ; 9,6 ; 8,7 ; 10,2 ; 8,7 ; 4,2 ; 4,6 ; 5,4 ; 13,5 ; 8,7 ; 4,2 ; 1,9 ; 2,0 ; 3,9 ; 8,8 ; 6,1 ; 3,7 ; 6,2 ; 1,6 ; 3,9 ; 4,0 ; 6,2 ; 0,6 ; 2,4 ; 1,6 ; 3,7 ; 3,8 ; 4,7 ; 2,5 ; 1,1 ; 3,1 ; 7,2 ; 7,4 ; 47,2 ; 5,0 ; 0,3 ; 1,3 ; 4,6 ; 3,8 ; 2,5 ; 2,0 ; 2,2 ; 3,2 ; 5,8 ; 3,0 ; 5,5 ; 0,4 ; 1,6 ; 2,9 ; 0,9 ; 1,2 ; 0,0 ; 3,6 ; 2,0 ; 1,6 ; 1,5 ; 6,7 ; 13,4 ; 0,9 ; 1,5 ; 2,0 ; 3,1 ; 4,6 ; 17,6 ; 1,9 ; 4,6 ; 3,8 ; 9,4 ; 9,2 ; 17,6 ; 8,1 ; 2,3 ; 3,0 ; 1,5 ; 5,3 ; 1,6 ; 14,9 ; 5,6 ; 3,5 ; 5,0 ; 6,4 ; 31,9 ; 2,4 ; 7,5 ; 3,1 ; 4,9 ; 3,6 ; 2,3 ; 2,4 ; 3,9 ; 3,2 ; 6,5 ; 19,9 ; 21,6 ; 4,1 ; 3,4 ; 6,8 ; 3,6 ; 3,1 ; 6,5 ; 1,8 ; 3,7 ; 5,0 ; 2,4 ; 5,8 ; 2,4 ; 0,7 ; 1,2 ; 0,5 ; 0,4 ; 1,3 ; 1,5 ; 1,3 ; 1,6 ; 2,9 ; 6,3 ; 13,0 ; 11,6 ; 1,8 ; 6,3 ; 2,2 ; 2,1 ; 2,0 ; 3,6 ; 3,4 ; 2,9 ; 4,4 ; 4,1 ; 3,5 ; 5,4 ; 1,2 ; 7,7 ; 2,1 ; 1,5 ; 4,8 ; 2,0 ; 2,8 ; 2,8 ; 4,0 ; 5,9 ; 6,3 ; 3,4 ; 6,9 ; 5,6 ; 1,3 ; 1,3 ; 2,1 ; 0,9 ; 1,9 ; 1,0 ; 0,5 
1.1.08 Assistˆncia Social; 4,2 ; 4,1 ; 12,9 ; 4,1 ; 7,1 ; 90,7 ; 35,8 ; 0,0 ; 0,7 ; 28,8 ; 26,0 ; 99,6 ; 68,5 ; 6,5 ; 31,2 ; 87,9 ; 5,1 ; 4,8 ; 6,0 ; 3,2 ; 0,7 ; 5,0 ; 49,3 ; 101,8 ; 7,1 ; 5,9 ; 102,5 ; 12,3 ; 7,0 ; 33,3 ; 193,0 ; 1,9 ; 15,5 ; 2,9 ; 41,4 ; 97,9 ; 34,3 ; 18,8 ; 3,5 ; 6,0 ; 11,3 ; 45,8 ; 99,2 ; 26,0 ; 15,3 ; 72,1 ; 36,5 ; 439,1 ; 51,1 ; 19,0 ; 102,6 ; 53,7 ; 18,6 ; 255,7 ; 186,1 ; 1,5 ; 0,9 ; 122,9 ; 4,4 ; 326,9 ; 293,5 ; 8,2 ; 28,5 ; 79,3 ; 43,4 ; 123,4 ; 45,7 ; 27,5 ; 22,9 ; 59,4 ; 59,1 ; 41,7 ; 94,4 ; 204,2 ; 56,6 ; 55,3 ; 289,3 ; 86,4 ; 163,8 ; 38,1 ; 211,2 ; 13,4 ; 24,8 ; 82,6 ; 11,6 ; 12,5 ; 13,9 ; 34,0 ; 27,5 ; 15,4 ; 32,6 ; 19,1 ; 94,2 ; 16,7 ; 38,7 ; 63,6 ; 131,8 ; 17,0 ; 25,6 ; 120,7 ; 100,4 ; 73,1 ; 5,5 ; 22,4 ; 1,7 ; 13,3 ; 11,7 ; 271,4 ; 0,9 ; 1,6 ; 18,8 ; 38,3 ; 9,8 ; 12,6 ; 17,1 ; 11,8 ; 15,5 ; 7,5 ; 30,1 ; 183,9 ; 11,3 ; 2,7 ; 12,9 ; 8,9 ; 44,3 ; 25,7 ; 58,8 ; 28,4 ; 5,6 ; 13,8 ; 47,9 ; 77,0 ; 116,6 ; 1,4 ; 1,8 ; 7,4 ; 43,6 ; 5,6 ; 81,9 ; 7,7 ; 22,7 ; 7,0 ; 42,6 ; 79,9 ; 12,7 ; 24,1 ; 14,1 ; 20,4 ; 3,8 ; 19,4 ; 72,4 ; 36,1 ; 13,7 ; 3,2 ; 8,4 ; 77,4 ; 2,6 ; 0,4 ; 1,3 ; 14,0 ; 12,2 ; 40,6 ; 14,6 ; 34,9 ; 34,4 ; 49,1 ; 43,3 ; 80,6 ; 6,0 ; 33,8 ; 85,6 ; 62,6 ; 55,8 ; 83,2 ; 23,4 ; 80,2 ; 30,3 ; 17,0 ; 22,5 ; 74,7 ; 22,7 ; 1,1 ; 0,0 ; 5,1 ; 0,6 ; 6,5 ; 72,5 ; 34,3 ; 138,4 ; 117,6 ; 128,4 ; 238,2 ; 6,6 ; 0,5 ; 33,5 ; 20,8 ; 45,8 ; 36,0 ; 160,4 ; 3,3 ; 54,5 
1.1.09 Previdˆncia Social; 9,8 ; 10,4 ; 16,3 ; 16,4 ; 22,5 ; 8,4 ; 19,2 ; 20,1 ; 20,6 ; 11,4 ; 13,1 ; 18,8 ; 11,1 ; 16,3 ; 27,1 ; 49,3 ; 41,3 ; 18,0 ; 28,4 ; 13,4 ; 18,8 ; 22,5 ; 21,8 ; 42,6 ; 23,7 ; 48,8 ; 91,8 ; 70,5 ; 78,5 ; 69,0 ; 81,9 ; 63,3 ; 98,9 ; 39,4 ; 30,3 ; 89,1 ; 25,8 ; 9,1 ; 34,6 ; 43,0 ; 25,2 ; 67,1 ; 62,2 ; 26,4 ; 20,5 ; 10,0 ; 13,4 ; 32,9 ; 14,5 ; 4,1 ; 30,2 ; 15,7 ; 12,1 ; 16,3 ; 14,8 ; 22,2 ; 11,4 ; 20,0 ; 25,7 ; 33,8 ; 19,2 ; 18,5 ; 27,2 ; 23,1 ; 16,9 ; 25,4 ; 26,4 ; 11,7 ; 35,3 ; 14,2 ; 21,2 ; 22,9 ; 13,1 ; 19,3 ; 9,7 ; 18,0 ; 24,9 ; 32,5 ; 45,1 ; 50,4 ; 26,7 ; 38,6 ; 19,9 ; 26,6 ; 8,5 ; 3,2 ; 14,9 ; 4,4 ; 4,5 ; 11,4 ; 11,2 ; 2,8 ; 9,1 ; 9,1 ; 3,6 ; 2,1 ; 0,5 ; 4,0 ; 2,1 ; 2,2 ; 4,5 ; 0,7 ; 0,8 ; 1,8 ; 1,0 ; 2,9 ; 1,7 ; 2,3 ; 1,9 ; 2,4 ; 8,6 ; 6,2 ; 11,5 ; 8,1 ; 17,1 ; 0,4 ; 9,2 ; 3,9 ; 1,1 ; 6,4 ; 3,5 ; 5,9 ; 7,4 ; 10,7 ; 4,1 ; 3,8 ; 2,4 ; 4,1 ; 3,4 ; 2,6 ; 3,9 ; 4,3 ; 1,1 ; 2,1 ; 3,7 ; 5,7 ; 6,2 ; 7,5 ; 8,3 ; 3,0 ; 5,0 ; 1,5 ; 2,1 ; 2,2 ; 0,5 ; 0,3 ; 0,5 ; 1,3 ; 0,3 ; 0,6 ; 0,9 ; 1,2 ; 0,3 ; 0,2 ; 0,0 ; 0,0 ; 0,1 ; 0,2 ; 1,2 ; 0,8 ; 1,7 ; 2,9 ; 0,6 ; 3,7 ; 1,9 ; 1,9 ; 2,9 ; 0,3 ; 0,2 ; 3,1 ; 2,0 ; 2,6 ; 3,3 ; 1,7 ; 2,2 ; 0,7 ; 0,5 ; 0,6 ; 2,8 ; 3,5 ; 1,2 ; 1,6 ; 1,4 ; 2,3 ; 1,3 ; 1,3 ; 2,5 ; 3,6 ; 5,4 ; 5,8 ; 5,2 ; 12,1 ; 3,1 ; 1,7 ; 3,9 ; 7,2 ; 1,8 ; 4,1 ; 0,7 ; 4,8 ; 4,0 
1.1.10 Sa£de; 206,2 ; 164,4 ; 303,9 ; 293,0 ; 301,2 ; 337,6 ; 245,1 ; 105,1 ; 136,7 ; 287,5 ; 289,1 ; 525,3 ; 164,4 ; 279,2 ; 342,0 ; 396,4 ; 372,4 ; 292,5 ; 259,9 ; 384,9 ; 363,4 ; 464,5 ; 264,7 ; 357,6 ; 156,4 ; 224,1 ; 599,7 ; 569,9 ; 578,2 ; 575,2 ; 503,1 ; 200,3 ; 784,6 ; 246,2 ; 451,2 ; 341,6 ; 435,4 ; 314,8 ; 401,9 ; 329,6 ; 350,5 ; 481,9 ; 395,7 ; 347,4 ; 354,6 ; 281,0 ; 302,5 ; 1.020,4 ; 270,3 ; 257,7 ; 775,1 ; 1.147,1 ; 448,3 ; 718,1 ; 579,5 ; 256,5 ; 413,5 ; 648,6 ; 607,3 ; 1.018,2 ; 168,0 ; 509,3 ; 475,6 ; 725,7 ; 444,0 ; 670,6 ; 743,6 ; 1.400,2 ; 574,4 ; 507,7 ; 364,7 ; 997,2 ; 642,1 ; 802,7 ; 613,2 ; 458,8 ; 1.014,8 ; 333,0 ; 585,3 ; 1.169,2 ; 664,7 ; 549,1 ; 712,3 ; 308,2 ; 228,5 ; 529,4 ; 398,1 ; 374,6 ; 394,0 ; 483,1 ; 373,4 ; 438,7 ; 1.035,6 ; 777,2 ; 948,6 ; 813,6 ; 238,2 ; 353,9 ; 663,9 ; 354,1 ; 230,4 ; 962,6 ; 435,2 ; 469,8 ; 297,4 ; 240,7 ; 1.036,2 ; 2.120,1 ; 83,3 ; 142,9 ; 635,7 ; 217,4 ; 687,5 ; 695,5 ; 517,7 ; 193,4 ; 266,1 ; 224,3 ; 278,9 ; 417,0 ; 56,3 ; 214,4 ; 2.146,2 ; 290,1 ; 1.473,0 ; 1.225,4 ; 430,6 ; 218,9 ; 228,4 ; 292,9 ; 639,6 ; 1.371,2 ; 158,3 ; 169,3 ; 290,8 ; 987,4 ; 467,6 ; 201,9 ; 296,1 ; 407,1 ; 367,8 ; 496,5 ; 391,6 ; 835,3 ; 375,1 ; 162,7 ; 568,7 ; 742,3 ; 406,5 ; 583,7 ; 426,8 ; 985,8 ; 314,9 ; 279,3 ; 194,4 ; 2.481,6 ; 71,6 ; 71,7 ; 86,0 ; 151,1 ; 305,8 ; 907,8 ; 237,2 ; 366,1 ; 196,9 ; 439,4 ; 291,6 ; 929,4 ; 43,7 ; 509,8 ; 238,8 ; 213,5 ; 221,1 ; 910,9 ; 304,7 ; 119,5 ; 139,3 ; 149,3 ; 213,1 ; 772,9 ; 63,9 ; 126,9 ; 119,2 ; 348,8 ; 335,2 ; 226,9 ; 345,6 ; 274,6 ; 501,6 ; 401,1 ; 632,7 ; 725,8 ; 149,6 ; 89,1 ; 434,6 ; 374,9 ; 265,7 ; 322,3 ; 396,8 ; 364,8 ; 144,8 
1.1.11 Trabalho; 4,6 ; 2,8 ; 4,2 ; 2,2 ; 5,1 ; 5,8 ; 10,1 ; 10,0 ; 9,0 ; 11,3 ; 2,0 ; 34,7 ; 2,8 ; 5,4 ; 14,5 ; 1,7 ; 2,6 ; 6,8 ; 2,6 ; 7,4 ; 3,0 ; 11,7 ; 8,4 ; 10,2 ; 12,1 ; 10,1 ; 13,5 ; 13,6 ; 5,0 ; 4,5 ; 8,6 ; 4,7 ; 2,0 ; 5,1 ; 1,1 ; 8,1 ; 4,8 ; 5,7 ; 5,7 ; 6,2 ; 8,3 ; 7,4 ; 3,2 ; 8,6 ; 4,6 ; 1,3 ; 9,9 ; 9,7 ; 3,1 ; 2,8 ; 8,4 ; 4,7 ; 9,4 ; 2,6 ; 3,5 ; 2,2 ; 3,6 ; 6,0 ; 5,5 ; 8,1 ; 2,6 ; 19,6 ; 11,1 ; 2,7 ; 2,4 ; 1,1 ; 2,6 ; 2,8 ; 3,3 ; 6,4 ; 1,5 ; 5,1 ; 3,8 ; 8,4 ; 3,0 ; 2,2 ; 9,3 ; 1,8 ; 3,5 ; 4,0 ; 8,9 ; 4,8 ; 3,3 ; 14,6 ; 2,2 ; 3,3 ; 4,9 ; 8,2 ; 7,2 ; 5,0 ; 2,2 ; 8,9 ; 5,7 ; 5,5 ; 6,7 ; 9,6 ; 6,1 ; 8,3 ; 7,5 ; 0,9 ; 3,3 ; 3,1 ; 4,4 ; 2,8 ; 0,6 ; 1,8 ; 1,5 ; 39,0 ; 1,7 ; 1,0 ; 8,6 ; 0,9 ; 10,8 ; 3,7 ; 1,3 ; 1,3 ; 3,8 ; 0,7 ; 5,5 ; 38,4 ; 8,1 ; 2,6 ; 10,1 ; 3,0 ; 3,4 ; 3,0 ; 4,4 ; 0,9 ; 2,0 ; 2,3 ; 9,1 ; 9,9 ; 4,6 ; 1,9 ; 1,1 ; 0,2 ; 1,5 ; 0,7 ; 4,9 ; 5,1 ; 0,1 ; 2,0 ; 0,2 ; 4,0 ; 0,7 ; 0,4 ; 15,3 ; 2,5 ; 5,8 ; 0,0 ; 0,2 ; 0,5 ; 0,1 ; 0,1 ; 0,6 ; 3,3 ; 0,0 ; 0,3 ; 0,1 ; 0,3 ; 0,0 ; 0,4 ; 1,5 ; 1,5 ; 0,8 ; 7,3 ; 2,2 ; 4,4 ; 1,3 ; 0,3 ; 8,1 ; 0,5 ; 1,4 ; 1,7 ; 3,9 ; 11,6 ; 2,2 ; 0,3 ; 9,3 ; 5,1 ; 0,3 ; 0,3 ; 1,4 ; 0,5 ; 1,0 ; 3,3 ; 1,8 ; 1,2 ; 0,8 ; 0,1 ; 1,5 ; 10,5 ; 2,1 ; 2,8 ; 1,5 ; 0,7 ; 1,8 ; 3,5 ; 17,1 ; 2,4 ; 2,3 
1.1.12 Educa‡Æo; 331,2 ; 428,5 ; 356,0 ; 378,7 ; 224,3 ; 1.179,0 ; 964,6 ; 323,7 ; 308,8 ; 332,4 ; 267,7 ; 490,1 ; 218,4 ; 274,2 ; 461,7 ; 539,7 ; 584,1 ; 474,4 ; 584,3 ; 487,9 ; 687,1 ; 533,2 ; 853,0 ; 1.198,9 ; 660,4 ; 712,1 ; 846,2 ; 1.041,2 ; 883,4 ; 1.114,8 ; 1.697,1 ; 1.167,4 ; 796,2 ; 860,9 ; 899,3 ; 2.106,3 ; 1.035,9 ; 894,6 ; 1.072,5 ; 834,7 ; 859,3 ; 833,7 ; 1.540,1 ; 841,0 ; 957,0 ; 719,7 ; 827,8 ; 2.173,0 ; 1.077,9 ; 751,6 ; 1.237,5 ; 1.181,5 ; 1.658,9 ; 3.276,6 ; 2.957,2 ; 1.076,2 ; 887,4 ; 1.178,1 ; 1.702,4 ; 2.347,3 ; 669,8 ; 711,4 ; 1.255,6 ; 1.809,6 ; 1.041,5 ; 867,2 ; 1.307,9 ; 897,6 ; 788,9 ; 1.367,7 ; 866,1 ; 1.142,1 ; 1.860,1 ; 775,3 ; 1.067,2 ; 1.418,4 ; 1.477,9 ; 921,1 ; 2.329,2 ; 1.834,8 ; 982,5 ; 1.226,4 ; 734,4 ; 783,1 ; 984,8 ; 654,2 ; 735,7 ; 822,2 ; 745,3 ; 728,2 ; 777,7 ; 605,9 ; 632,8 ; 630,0 ; 541,3 ; 991,6 ; 895,8 ; 651,8 ; 563,3 ; 530,5 ; 410,9 ; 739,8 ; 630,1 ; 534,2 ; 512,2 ; 415,3 ; 281,7 ; 2.397,5 ; 178,0 ; 352,5 ; 503,2 ; 378,7 ; 522,5 ; 530,8 ; 517,5 ; 414,4 ; 411,6 ; 396,0 ; 356,7 ; 1.897,9 ; 110,4 ; 324,2 ; 369,4 ; 459,7 ; 484,8 ; 528,6 ; 650,1 ; 498,7 ; 534,3 ; 476,7 ; 886,7 ; 1.196,2 ; 122,9 ; 235,8 ; 338,5 ; 531,1 ; 456,3 ; 278,5 ; 389,5 ; 325,7 ; 475,8 ; 569,3 ; 507,7 ; 726,1 ; 84,4 ; 237,5 ; 538,3 ; 300,1 ; 433,7 ; 264,8 ; 424,2 ; 259,8 ; 312,3 ; 254,7 ; 379,7 ; 703,9 ; 59,5 ; 117,7 ; 168,0 ; 483,4 ; 380,2 ; 726,5 ; 220,0 ; 431,9 ; 343,4 ; 337,6 ; 263,5 ; 527,5 ; 66,4 ; 161,5 ; 2.194,6 ; 269,2 ; 354,0 ; 350,9 ; 263,5 ; 177,9 ; 170,8 ; 145,3 ; 441,7 ; 549,9 ; 79,7 ; 381,5 ; 629,5 ; 378,9 ; 512,7 ; 371,5 ; 239,7 ; 313,2 ; 399,3 ; 349,3 ; 514,7 ; 1.225,9 ; 128,7 ; 172,0 ; 351,6 ; 426,5 ; 774,5 ; 959,7 ; 417,2 ; 192,3 ; 229,1 
1.1.13 Cultura; 12,6 ; 15,5 ; 55,6 ; 22,3 ; 44,7 ; 18,0 ; 32,6 ; 3,3 ; 5,0 ; 2,5 ; 20,9 ; 27,5 ; 9,1 ; 15,8 ; 22,2 ; 21,3 ; 26,1 ; 8,7 ; 20,6 ; 9,7 ; 22,4 ; 11,4 ; 18,4 ; 18,2 ; 21,3 ; 22,1 ; 19,8 ; 11,3 ; 34,2 ; 31,8 ; 26,7 ; 11,7 ; 16,4 ; 7,6 ; 8,1 ; 42,3 ; 10,2 ; 4,7 ; 13,8 ; 32,5 ; 22,3 ; 19,6 ; 15,6 ; 13,0 ; 16,1 ; 20,4 ; 7,7 ; 36,7 ; 4,6 ; 5,5 ; 16,1 ; 29,4 ; 12,9 ; 17,8 ; 32,8 ; 30,5 ; 21,1 ; 40,4 ; 47,6 ; 36,1 ; 4,2 ; 24,0 ; 88,5 ; 38,4 ; 68,1 ; 35,6 ; 66,7 ; 60,8 ; 14,9 ; 96,9 ; 25,4 ; 17,8 ; 96,8 ; 74,1 ; 14,2 ; 41,8 ; 102,1 ; 22,6 ; 59,9 ; 31,1 ; 46,9 ; 50,7 ; 6,8 ; 13,5 ; 27,4 ; 20,5 ; 23,0 ; 37,3 ; 15,4 ; 22,2 ; 32,8 ; 22,1 ; 33,4 ; 9,3 ; 30,2 ; 14,1 ; 16,4 ; 20,8 ; 16,7 ; 12,9 ; 48,5 ; 14,5 ; 47,8 ; 19,3 ; 9,2 ; 15,9 ; 41,9 ; 111,3 ; 4,8 ; 23,4 ; 13,7 ; 9,4 ; 9,3 ; 12,9 ; 11,4 ; 9,2 ; 14,9 ; 20,1 ; 19,7 ; 137,8 ; 4,9 ; 6,6 ; 15,2 ; 13,7 ; 15,0 ; 27,2 ; 16,1 ; 24,5 ; 17,9 ; 27,7 ; 30,8 ; 57,0 ; 7,4 ; 5,8 ; 13,4 ; 14,1 ; 29,1 ; 21,5 ; 18,7 ; 13,3 ; 16,3 ; 8,5 ; 27,2 ; 69,9 ; 6,0 ; 6,1 ; 12,8 ; 18,8 ; 11,2 ; 5,0 ; 12,3 ; 17,2 ; 16,1 ; 10,7 ; 15,4 ; 19,8 ; 5,2 ; 0,8 ; 4,5 ; 3,0 ; 8,2 ; 3,4 ; 21,6 ; 7,6 ; 12,7 ; 4,6 ; 2,9 ; 16,5 ; 0,1 ; 0,8 ; 3,3 ; 9,5 ; 14,9 ; 7,1 ; 3,6 ; 4,9 ; 3,9 ; 3,9 ; 3,7 ; 7,2 ; 3,3 ; 0,7 ; 9,8 ; 4,5 ; 4,6 ; 7,9 ; 8,2 ; 13,7 ; 5,0 ; 6,7 ; 6,0 ; 21,5 ; 4,8 ; 3,1 ; 9,3 ; 13,1 ; 8,6 ; 25,9 ; 31,3 ; 3,0 ; 7,3 
1.1.14 Direitos da Cidadania; 5,4 ; 12,8 ; 18,1 ; 15,4 ; 18,9 ; 23,4 ; 11,2 ; 10,3 ; 4,5 ; 25,2 ; 61,5 ; 136,8 ; 30,9 ; 31,0 ; 23,3 ; 49,5 ; 66,8 ; 80,6 ; 5,3 ; 20,2 ; 36,0 ; 32,3 ; 99,2 ; 102,2 ; 38,1 ; 26,7 ; 28,6 ; 135,6 ; 23,9 ; 49,8 ; 55,0 ; 22,0 ; 3,0 ; 8,0 ; 24,4 ; 64,1 ; 47,9 ; 45,3 ; 16,7 ; 22,5 ; 32,7 ; 36,2 ; 9,0 ; 6,0 ; 12,2 ; 36,0 ; 40,1 ; 107,6 ; 18,2 ; 21,4 ; 18,4 ; 19,6 ; 15,2 ; 133,9 ; 24,9 ; 11,9 ; 15,1 ; 13,7 ; 7,7 ; 20,2 ; 4,8 ; 14,9 ; 19,3 ; 14,9 ; 36,6 ; 7,2 ; 14,9 ; 34,9 ; 15,9 ; 30,4 ; 10,9 ; 26,5 ; 8,1 ; 12,9 ; 48,5 ; 36,9 ; 68,2 ; 44,1 ; 98,6 ; 121,3 ; 49,6 ; 37,4 ; 54,4 ; 28,0 ; 16,7 ; 6,6 ; 18,8 ; 33,5 ; 31,6 ; 21,2 ; 55,7 ; 19,7 ; 18,0 ; 61,3 ; 36,2 ; 18,0 ; 77,8 ; 41,6 ; 55,7 ; 24,6 ; 53,1 ; 21,3 ; 61,4 ; 14,2 ; 55,9 ; 10,7 ; 16,3 ; 1.515,9 ; 77,6 ; 20,6 ; 40,3 ; 39,0 ; 76,8 ; 88,2 ; 136,0 ; 113,2 ; 87,1 ; 130,4 ; 12,8 ; 538,9 ; 21,9 ; 17,6 ; 18,7 ; 6,5 ; 14,5 ; 12,6 ; 11,6 ; 10,1 ; 17,8 ; 13,1 ; 8,1 ; 236,3 ; 3,7 ; 10,4 ; 16,0 ; 5,6 ; 18,0 ; 19,1 ; 53,1 ; 35,8 ; 22,7 ; 35,9 ; 17,7 ; 244,3 ; 5,9 ; 18,3 ; 53,3 ; 25,4 ; 48,2 ; 231,5 ; 62,8 ; 38,8 ; 70,5 ; 36,6 ; 20,4 ; 53,6 ; 18,3 ; 26,7 ; 34,9 ; 27,8 ; 50,6 ; 54,1 ; 28,4 ; 31,2 ; 18,2 ; 36,8 ; 25,6 ; 65,1 ; 13,4 ; 15,6 ; 32,6 ; 31,0 ; 15,0 ; 64,8 ; 25,8 ; 33,1 ; 13,9 ; 10,3 ; 13,1 ; 151,0 ; 10,9 ; 5,7 ; 16,6 ; 11,2 ; 15,1 ; 13,2 ; 24,0 ; 21,7 ; 10,2 ; 23,9 ; 9,6 ; 42,1 ; 10,8 ; 6,5 ; 15,2 ; 19,9 ; 12,7 ; 12,0 ; 8,3 ; 3,5 ; 6,2 
1.1.15 Urbanismo; 211,7 ; 363,4 ; 559,3 ; 139,2 ; 543,0 ; 681,2 ; 1.107,0 ; 1.394,9 ; 566,8 ; 367,4 ; 234,7 ; 811,0 ; 151,3 ; 106,2 ; 278,6 ; 320,4 ; 608,0 ; 458,2 ; 770,7 ; 647,1 ; 900,1 ; 573,6 ; 346,7 ; 760,7 ; 302,0 ; 441,2 ; 1.064,9 ; 844,4 ; 195,4 ; 320,1 ; 850,3 ; 239,4 ; 661,8 ; 433,6 ; 286,6 ; 365,3 ; 368,2 ; 120,3 ; 234,2 ; 228,0 ; 668,3 ; 349,9 ; 320,8 ; 340,2 ; 466,5 ; 393,5 ; 376,3 ; 943,3 ; 36,9 ; 228,5 ; 296,5 ; 267,1 ; 396,2 ; 359,5 ; 478,9 ; 229,6 ; 497,7 ; 281,2 ; 241,0 ; 1.109,9 ; 336,3 ; 299,5 ; 290,3 ; 342,5 ; 355,4 ; 230,4 ; 206,2 ; 284,6 ; 160,9 ; 346,7 ; 170,7 ; 356,0 ; 130,4 ; 273,6 ; 165,0 ; 307,1 ; 279,3 ; 250,5 ; 200,6 ; 303,4 ; 228,0 ; 309,5 ; 27,6 ; 591,1 ; 918,5 ; 209,3 ; 192,2 ; 71,0 ; 224,2 ; 94,8 ; 156,7 ; 288,1 ; 567,3 ; 210,8 ; 363,0 ; 713,2 ; 377,3 ; 227,2 ; 259,4 ; 273,2 ; 279,0 ; 397,8 ; 504,0 ; 118,6 ; 347,4 ; 563,0 ; 426,3 ; 896,7 ; 40,0 ; 198,4 ; 440,7 ; 242,0 ; 262,9 ; 254,8 ; 380,9 ; 164,1 ; 268,5 ; 314,6 ; 267,2 ; 632,4 ; 37,9 ; 60,0 ; 416,5 ; 307,5 ; 242,8 ; 367,0 ; 387,5 ; 284,4 ; 172,2 ; 407,0 ; 493,1 ; 502,3 ; 13,2 ; 57,6 ; 358,9 ; 132,6 ; 294,6 ; 204,0 ; 431,5 ; 326,0 ; 254,9 ; 213,1 ; 440,4 ; 1.501,3 ; 143,1 ; 18,5 ; 489,4 ; 607,3 ; 286,5 ; 543,0 ; 415,9 ; 555,7 ; 373,0 ; 364,1 ; 1.075,6 ; 1.198,1 ; 8,7 ; 1,3 ; 253,4 ; 302,4 ; 203,1 ; 1.148,8 ; 468,0 ; 350,6 ; 276,6 ; 660,5 ; 288,3 ; 979,7 ; 62,3 ; 177,8 ; 896,0 ; 479,0 ; 389,0 ; 1.530,0 ; 444,9 ; 210,7 ; 658,4 ; 292,6 ; 183,9 ; 820,3 ; 184,2 ; 47,8 ; 103,4 ; 801,2 ; 1.013,4 ; 524,2 ; 401,3 ; 847,7 ; 440,4 ; 682,9 ; 566,5 ; 1.325,5 ; 29,2 ; 167,4 ; 764,8 ; 696,4 ; 505,0 ; 742,9 ; 928,9 ; 134,3 ; 323,5 
1.1.16 Habita‡Æo; 1,8 ; 7,3 ; 18,0 ; 20,9 ; 24,9 ; 120,4 ; 115,3 ; 170,9 ; 117,8 ; 77,0 ; 336,4 ; 283,6 ; 26,6 ; 85,3 ; 59,5 ; 104,2 ; 35,8 ; 70,2 ; 191,2 ; 60,9 ; 179,0 ; 102,9 ; 125,7 ; 149,0 ; 127,1 ; 10,6 ; 32,2 ; 32,4 ; 49,4 ; 48,7 ; 43,1 ; 52,2 ; 43,7 ; 46,1 ; 20,1 ; 33,1 ; 29,2 ; 4,6 ; 54,9 ; 51,4 ; 51,3 ; 56,4 ; 38,1 ; 21,7 ; 86,2 ; 65,9 ; 59,6 ; 94,2 ; -   ; 84,9 ; 67,2 ; 21,6 ; 114,3 ; 100,2 ; 111,8 ; 50,0 ; 62,6 ; 79,9 ; 101,7 ; 43,7 ; 15,8 ; 16,0 ; 66,4 ; 104,9 ; 25,8 ; 34,3 ; 33,8 ; 32,9 ; 14,4 ; 60,8 ; 1,0 ; 0,8 ; 58,5 ; 3,4 ; 17,9 ; 23,4 ; 20,6 ; 8,8 ; 22,3 ; 41,2 ; 47,2 ; 15,6 ; 0,7 ; 1,0 ; 27,2 ; 24,7 ; 12,0 ; 13,8 ; 9,2 ; 5,7 ; 11,0 ; 6,2 ; 1,9 ; 5,6 ; 4,5 ; 6,4 ; 6,3 ; 22,4 ; -   ; 20,1 ; 0,9 ; -   ; 14,8 ; 36,6 ; 11,1 ; 3,5 ; 14,6 ; 25,3 ; 0,3 ; 10,9 ; 2,2 ; 2,5 ; 2,9 ; 9,8 ; 2,2 ; 13,4 ; 5,1 ; 5,0 ; 6,5 ; 6,2 ; 3,6 ; 4,6 ; 5,4 ; 8,0 ; 3,6 ; 7,2 ; 7,4 ; 6,6 ; 1,0 ; 14,1 ; 7,9 ; 9,6 ; 0,1 ; 1,1 ; 7,7 ; 5,2 ; 13,1 ; 3,7 ; 0,5 ; 0,2 ; 1,6 ; 7,6 ; 6,0 ; 15,7 ; 5,3 ; 0,6 ; 3,7 ; 3,0 ; 8,1 ; 9,4 ; 8,4 ; 5,9 ; 5,8 ; 3,0 ; 8,7 ; 4,5 ; 0,1 ; -   ; 2,6 ; 4,2 ; 2,5 ; 2,2 ; 1,6 ; 1,1 ; 2,4 ; 1,0 ; 0,7 ; 5,3 ; -   ; -   ; 7,6 ; 0,7 ; 8,7 ; 1,7 ; 0,2 ; 1,6 ; 1,4 ; 0,2 ; 2,2 ; 2,7 ; 0,0 ; -   ; -   ; -   ; 2,1 ; -   ; 1,3 ; 0,7 ; 4,5 ; 2,1 ; 0,8 ; 2,6 ; 0,2 ; 2,2 ; 0,8 ; 1,8 ; 0,5 ; 1,5 ; 3,3 ; -   ; 1,9 
1.1.17 Saneamento; 1,0 ; 1,8 ; 56,0 ; 537,1 ; 427,8 ; 405,1 ; 172,0 ; 1.032,4 ; 537,6 ; 8,1 ; 149,4 ; 387,0 ; 137,5 ; 66,7 ; 178,2 ; 298,8 ; 199,0 ; 274,1 ; 425,6 ; 239,5 ; 562,8 ; 314,3 ; 362,5 ; 747,8 ; 433,1 ; 197,9 ; 406,1 ; 309,6 ; 362,3 ; 354,4 ; 254,9 ; 576,9 ; 318,8 ; 260,4 ; 96,4 ; 85,9 ; 209,6 ; 163,9 ; 173,9 ; 137,9 ; 273,8 ; 246,3 ; 137,7 ; 279,4 ; 137,1 ; 83,8 ; 332,9 ; 288,0 ; 45,9 ; 235,6 ; 167,8 ; 178,2 ; 144,3 ; 287,5 ; 249,3 ; 206,0 ; 210,8 ; 287,7 ; 417,5 ; 669,5 ; 52,2 ; 166,8 ; 231,7 ; 453,8 ; 360,3 ; 227,5 ; 379,3 ; 72,3 ; 260,4 ; 581,6 ; 6,9 ; 305,5 ; 225,8 ; 202,0 ; 256,0 ; 183,9 ; 339,1 ; 246,4 ; 254,8 ; 461,8 ; 431,3 ; 407,1 ; 18,3 ; 2,5 ; 216,5 ; 158,7 ; 181,4 ; 144,0 ; 144,9 ; 254,8 ; 235,1 ; 129,6 ; 126,7 ; 203,9 ; 145,6 ; 32,9 ; 214,8 ; 235,2 ; 285,8 ; 248,5 ; 321,9 ; 3,1 ; 503,6 ; 29,2 ; 274,1 ; 82,7 ; 178,7 ; 247,5 ; 49,6 ; 73,7 ; 70,7 ; 110,9 ; 68,6 ; 31,7 ; 149,1 ; 130,4 ; 105,8 ; 123,5 ; 102,1 ; 984,0 ; 4,2 ; 11,0 ; 37,0 ; 166,0 ; 72,1 ; 79,2 ; 114,5 ; 77,3 ; 151,5 ; 273,9 ; 119,4 ; 252,7 ; 32,0 ; 4,5 ; 127,6 ; 96,4 ; 4,0 ; 26,3 ; 179,8 ; 6,6 ; 103,7 ; 15,1 ; 72,1 ; 867,7 ; 22,0 ; 2,2 ; 148,9 ; 100,9 ; 35,6 ; 110,6 ; 147,6 ; 33,0 ; 24,4 ; 46,0 ; 11,7 ; 1.122,4 ; 46,2 ; 0,1 ; 4,2 ; 18,9 ; 187,9 ; 57,9 ; 47,8 ; 13,1 ; 12,8 ; 14,8 ; 3,3 ; 376,7 ; 23,4 ; 96,4 ; 38,1 ; 7,8 ; 40,0 ; 26,9 ; 16,2 ; 11,2 ; 30,8 ; 17,4 ; 4,5 ; 64,9 ; 30,9 ; 4,4 ; 1,9 ; 18,4 ; 45,8 ; 24,1 ; 28,3 ; 39,2 ; 61,2 ; 30,7 ; 23,5 ; 86,3 ; 0,2 ; 15,0 ; 16,1 ; 89,4 ; 23,7 ; 103,5 ; 33,3 ; 27,5 ; 51,2 
1.1.18 GestÆo Ambiental; 33,1 ; 119,3 ; 412,3 ; 123,3 ; 170,2 ; 174,5 ; 218,9 ; 161,5 ; 306,5 ; 182,4 ; 465,3 ; 480,5 ; 73,6 ; 135,1 ; 202,9 ; 173,1 ; 336,3 ; 235,6 ; 399,5 ; 433,3 ; 384,2 ; 463,4 ; 522,6 ; 1.183,2 ; 339,0 ; 273,3 ; 477,3 ; 239,4 ; 505,2 ; 368,2 ; 527,5 ; 379,6 ; 531,9 ; 576,9 ; 196,7 ; 1.000,8 ; 86,9 ; 118,8 ; 490,8 ; 603,2 ; 179,0 ; 357,8 ; 176,4 ; 183,2 ; 275,3 ; 304,1 ; 215,8 ; 593,0 ; 148,4 ; 189,3 ; 668,5 ; 219,0 ; 372,2 ; 206,8 ; 1.162,7 ; 260,2 ; 278,7 ; 306,4 ; 309,0 ; 516,8 ; 143,0 ; 283,8 ; 237,8 ; 784,7 ; 1.126,6 ; 776,4 ; 712,9 ; 457,4 ; 292,1 ; 404,3 ; 276,8 ; 713,7 ; 240,1 ; 359,7 ; 216,2 ; 576,9 ; 561,0 ; 278,5 ; 715,0 ; 905,1 ; 716,7 ; 920,7 ; 678,7 ; 196,8 ; 761,5 ; 272,0 ; 349,7 ; 398,3 ; 382,6 ; 487,0 ; 519,5 ; 261,9 ; 555,6 ; 326,8 ; 377,9 ; 486,6 ; 314,4 ; 322,1 ; 470,6 ; 320,0 ; 249,3 ; 366,8 ; 258,6 ; 311,7 ; 311,6 ; 389,7 ; 364,4 ; 815,5 ; 103,3 ; 224,6 ; 239,4 ; 159,9 ; 147,9 ; 226,9 ; 240,1 ; 179,1 ; 195,9 ; 249,0 ; 201,5 ; 984,3 ; 115,6 ; 86,5 ; 164,9 ; 98,2 ; 217,6 ; 195,3 ; 131,9 ; 204,5 ; 205,1 ; 359,3 ; 327,3 ; 595,8 ; 75,0 ; 268,5 ; 273,0 ; 244,1 ; 171,7 ; 184,1 ; 264,4 ; 166,2 ; 212,6 ; 167,4 ; 259,5 ; 562,9 ; 154,9 ; 98,1 ; 189,9 ; 197,4 ; 151,8 ; 332,0 ; 213,8 ; 159,5 ; 174,9 ; 82,0 ; 226,9 ; 595,6 ; 6,6 ; 2,0 ; 162,9 ; 50,0 ; 199,6 ; 186,4 ; 170,2 ; 145,3 ; 159,1 ; 168,3 ; 86,8 ; 247,5 ; 39,5 ; 63,9 ; 110,3 ; 50,0 ; 158,8 ; 84,3 ; 150,2 ; 66,3 ; 132,5 ; 114,4 ; 86,5 ; 309,4 ; 79,9 ; 59,7 ; 37,0 ; 332,0 ; 147,7 ; 144,2 ; 84,6 ; 180,5 ; 69,4 ; 192,1 ; 297,7 ; 306,9 ; 61,7 ; 51,2 ; 73,2 ; 227,1 ; 89,2 ; 268,9 ; 162,5 ; 95,9 ; 166,3 
1.1.19 Ciˆncia e Tecnologia; 49,7 ; 76,5 ; 77,2 ; 99,4 ; 124,6 ; 129,8 ; 185,5 ; 87,4 ; 131,0 ; 186,2 ; 275,0 ; 546,0 ; 162,2 ; 81,9 ; 137,9 ; 62,8 ; 202,3 ; 260,6 ; 310,1 ; 164,7 ; 229,7 ; 180,0 ; 215,5 ; 383,1 ; 113,8 ; 160,0 ; 128,0 ; 130,6 ; 209,1 ; 218,8 ; 223,8 ; 130,0 ; 107,8 ; 131,3 ; 208,6 ; 483,5 ; 179,3 ; 65,1 ; 108,4 ; 141,6 ; 84,1 ; 275,0 ; 258,1 ; 180,8 ; 126,9 ; 196,2 ; 63,0 ; 249,8 ; 73,8 ; 74,8 ; 113,0 ; 200,0 ; 305,3 ; 251,5 ; 163,1 ; 80,3 ; 89,8 ; 144,4 ; 259,7 ; 165,1 ; 87,9 ; 66,4 ; 187,6 ; 137,6 ; 227,7 ; 98,5 ; 129,8 ; 72,6 ; 239,7 ; 104,9 ; 140,7 ; 188,2 ; 78,7 ; 51,2 ; 79,6 ; 219,9 ; 249,5 ; 162,1 ; 146,0 ; 167,5 ; 108,2 ; 202,5 ; 88,4 ; 113,6 ; 93,0 ; 105,1 ; 166,0 ; 132,0 ; 101,1 ; 76,3 ; 47,4 ; 80,4 ; 76,1 ; 65,5 ; 56,9 ; 54,5 ; 130,0 ; 97,4 ; 55,9 ; 76,4 ; 57,6 ; 59,7 ; 47,0 ; 27,3 ; 30,9 ; 29,8 ; 28,9 ; 486,7 ; 40,5 ; 64,3 ; 70,3 ; 28,8 ; 27,7 ; 67,0 ; 47,0 ; 38,9 ; 26,8 ; 49,1 ; 38,8 ; 494,6 ; 20,9 ; 12,4 ; 87,7 ; 32,6 ; 37,0 ; 72,0 ; 50,5 ; 72,6 ; 71,2 ; 79,9 ; 74,2 ; 177,8 ; 13,4 ; 26,8 ; 30,2 ; 23,3 ; 54,3 ; 62,1 ; 37,9 ; 53,7 ; 33,6 ; 50,7 ; 97,0 ; 211,3 ; 12,3 ; 23,6 ; 28,2 ; 25,4 ; 82,8 ; 51,4 ; 58,7 ; 34,7 ; 37,2 ; 43,4 ; 83,9 ; 83,8 ; 5,0 ; 12,9 ; 13,5 ; 25,0 ; 26,3 ; 115,8 ; 52,9 ; 40,2 ; 51,5 ; 32,7 ; 14,8 ; 85,1 ; 17,3 ; 27,7 ; 65,9 ; 42,5 ; 141,0 ; 116,0 ; 74,3 ; 56,4 ; 59,8 ; 12,1 ; 37,4 ; 128,3 ; 50,9 ; 60,1 ; 76,8 ; 222,6 ; 92,1 ; 193,9 ; 215,5 ; 76,0 ; 61,7 ; 43,4 ; 150,6 ; 176,8 ; 47,6 ; 162,7 ; 143,1 ; 88,9 ; 119,4 ; 58,9 ; 32,9 ; 21,9 ; 23,4 
1.1.20 Agricultura; 58,6 ; 77,9 ; 124,9 ; 216,7 ; 364,4 ; 237,1 ; 178,0 ; 148,8 ; 114,1 ; 119,5 ; 210,3 ; 513,9 ; 38,1 ; 128,2 ; 146,7 ; 191,8 ; 244,4 ; 111,1 ; 410,5 ; 73,8 ; 383,6 ; 377,8 ; 252,5 ; 437,3 ; 80,1 ; 105,3 ; 174,8 ; 151,1 ; 162,5 ; 265,7 ; 212,8 ; 157,0 ; 286,2 ; 208,6 ; 206,6 ; 431,3 ; 90,1 ; 66,9 ; 185,6 ; 226,6 ; 189,5 ; 254,8 ; 243,6 ; 128,6 ; 394,4 ; 501,0 ; 256,4 ; 359,0 ; 40,6 ; 88,8 ; 151,6 ; 112,0 ; 385,2 ; 114,1 ; 130,2 ; 142,5 ; 108,0 ; 243,0 ; 136,1 ; 304,2 ; 72,9 ; 95,7 ; 290,3 ; 132,0 ; 114,2 ; 101,0 ; 181,7 ; 261,4 ; 66,4 ; 111,5 ; 79,7 ; 141,3 ; 38,8 ; 68,2 ; 142,2 ; 280,8 ; 336,5 ; 179,5 ; 214,5 ; 189,6 ; 64,1 ; 156,6 ; 115,8 ; 248,9 ; 141,8 ; 87,4 ; 45,2 ; 46,1 ; 20,5 ; 118,5 ; 62,9 ; 167,7 ; 190,8 ; 102,2 ; 40,1 ; 271,2 ; 38,6 ; 35,3 ; 48,9 ; 130,7 ; 36,4 ; 117,3 ; 41,9 ; 43,1 ; 30,8 ; 22,4 ; 56,3 ; 399,3 ; 5,5 ; 5,6 ; 52,4 ; 16,8 ; 45,7 ; 119,6 ; 35,2 ; 55,0 ; 36,9 ; 71,5 ; 21,7 ; 273,8 ; 11,9 ; 10,6 ; 229,2 ; 84,8 ; 79,8 ; 224,0 ; 89,1 ; 31,6 ; 21,4 ; 33,0 ; 76,0 ; 338,1 ; 53,4 ; 42,2 ; 38,2 ; 125,4 ; 99,0 ; 104,0 ; 143,1 ; 52,0 ; 120,2 ; 31,8 ; 104,7 ; 417,8 ; 96,0 ; 13,9 ; 36,6 ; 131,9 ; 128,8 ; 62,8 ; 237,9 ; 256,8 ; 22,2 ; 100,6 ; 41,0 ; 394,8 ; 18,7 ; 2,7 ; 19,7 ; 23,8 ; 48,4 ; 225,4 ; 117,2 ; 75,8 ; 98,8 ; 209,1 ; 88,5 ; 412,9 ; 66,8 ; 9,2 ; 77,9 ; 121,5 ; 128,9 ; 351,5 ; 117,5 ; 38,1 ; 20,8 ; 28,8 ; 44,4 ; 204,9 ; 12,6 ; 23,6 ; 14,8 ; 160,8 ; 356,7 ; 163,3 ; 47,7 ; 320,6 ; 96,3 ; 272,8 ; 158,6 ; 676,3 ; 30,6 ; 33,5 ; 149,4 ; 251,7 ; 344,1 ; 688,5 ; 582,5 ; 160,1 ; 191,1 
1.1.21 Organiza‡Æo Agr ria; 70,9 ; 132,8 ; 57,7 ; 71,9 ; 93,3 ; 157,3 ; 131,8 ; 30,7 ; 31,1 ; 61,9 ; 68,6 ; 222,5 ; 36,7 ; 26,6 ; 11,5 ; 34,3 ; 142,9 ; 106,8 ; 109,2 ; 119,4 ; 114,9 ; 192,5 ; 107,4 ; 180,5 ; 139,4 ; 24,7 ; 88,7 ; 72,0 ; 127,6 ; 246,8 ; 103,5 ; 23,9 ; 190,3 ; 54,5 ; 102,0 ; 163,7 ; 30,9 ; 14,3 ; 49,9 ; 126,3 ; 72,3 ; 101,1 ; 165,3 ; 140,1 ; 162,0 ; 84,3 ; 57,2 ; 207,2 ; 22,0 ; 27,6 ; 58,7 ; 115,2 ; 210,7 ; 207,7 ; 245,3 ; 93,6 ; 31,6 ; 81,5 ; 77,3 ; 82,2 ; 27,7 ; 44,3 ; 110,7 ; 80,8 ; 224,8 ; 367,9 ; 257,5 ; 419,8 ; 567,6 ; 436,8 ; 403,6 ; 227,7 ; 940,3 ; 707,4 ; 429,6 ; 722,1 ; 1.100,2 ; 385,9 ; 777,0 ; 1.628,0 ; 68,5 ; 65,4 ; 29,6 ; 25,2 ; 90,3 ; 47,5 ; 16,4 ; 7,6 ; 10,5 ; 28,5 ; 34,5 ; 49,7 ; 78,0 ; 40,9 ; 35,9 ; 88,7 ; 41,4 ; 3,6 ; 35,9 ; 63,1 ; 55,4 ; 17,5 ; 18,2 ; 10,0 ; 22,2 ; 8,6 ; 32,7 ; 179,6 ; 13,4 ; 10,0 ; 38,0 ; 9,2 ; 15,3 ; 18,6 ; 15,4 ; 12,2 ; 29,8 ; 23,8 ; 31,3 ; 132,3 ; 12,6 ; 7,1 ; 49,4 ; 52,7 ; 34,5 ; 23,2 ; 129,9 ; 24,0 ; 11,8 ; 32,6 ; 31,1 ; 117,0 ; 2,9 ; 2,3 ; 2,5 ; 3,1 ; 1,6 ; 0,4 ; 54,6 ; 16,2 ; 6,5 ; 6,9 ; 20,4 ; 65,6 ; 3,9 ; 4,6 ; 6,8 ; 8,3 ; 15,4 ; 6,3 ; 18,7 ; 14,7 ; 4,6 ; 6,9 ; 1,3 ; 57,1 ; 0,8 ; 2,1 ; 3,2 ; 0,5 ; 1,4 ; 2,5 ; 1,4 ; 6,5 ; 2,2 ; 6,3 ; 4,7 ; 16,3 ; 0,2 ; 0,1 ; 3,2 ; 32,1 ; 6,6 ; 6,2 ; 14,6 ; 4,1 ; 1,8 ; 1,5 ; 4,7 ; 5,9 ; 0,7 ; 0,6 ; 0,9 ; 0,3 ; 3,3 ; 15,7 ; 2,9 ; 5,9 ; 6,7 ; 6,2 ; 3,5 ; 60,7 ; 1,8 ; 2,5 ; 5,6 ; 10,7 ; 5,2 ; 5,7 ; 15,1 ; 1,2 ; 6,2 
1.1.22 Ind£stria; 7,7 ; 8,9 ; 12,1 ; 5,4 ; 9,1 ; 4,2 ; 4,8 ; 13,1 ; 17,5 ; 12,9 ; 18,6 ; 25,2 ; 7,4 ; 14,0 ; 22,4 ; 15,3 ; 16,8 ; 9,8 ; 14,6 ; 10,5 ; 19,1 ; 18,2 ; 15,3 ; 20,7 ; 8,0 ; 9,8 ; 21,8 ; 12,2 ; 7,9 ; 6,4 ; 26,6 ; 9,6 ; 9,9 ; 10,2 ; 16,5 ; 38,1 ; 14,5 ; 15,4 ; 17,5 ; 16,4 ; 15,2 ; 13,3 ; 16,9 ; 7,7 ; 10,2 ; 15,5 ; 11,7 ; 59,7 ; 9,7 ; 14,3 ; 29,8 ; 49,3 ; 10,2 ; 13,7 ; 9,3 ; 6,1 ; 14,5 ; 8,7 ; 16,5 ; 88,6 ; 22,9 ; 9,7 ; 7,9 ; 31,9 ; 17,3 ; 12,4 ; 17,4 ; 9,4 ; 11,3 ; 26,3 ; 48,9 ; 48,0 ; 4,3 ; 14,4 ; 9,7 ; 2,7 ; 46,2 ; 32,0 ; 20,6 ; 8,1 ; 26,2 ; 8,0 ; 4,9 ; 17,7 ; 17,7 ; 2,9 ; 8,3 ; 2,5 ; 3,2 ; 6,4 ; 3,5 ; 1,4 ; 5,7 ; 4,0 ; 2,7 ; 5,1 ; 1,4 ; 3,6 ; 4,5 ; 6,4 ; 1,9 ; 3,0 ; 1,1 ; 1,2 ; 0,7 ; 2,9 ; 3,4 ; 10,4 ; 0,7 ; 1,9 ; 3,6 ; 0,9 ; 2,6 ; 4,3 ; 5,1 ; 2,6 ; 3,9 ; 1,9 ; 3,6 ; 22,0 ; 2,1 ; 7,6 ; 2,7 ; 7,4 ; 2,3 ; 6,6 ; 3,4 ; 2,6 ; 3,9 ; 2,2 ; 1,6 ; 14,5 ; 2,8 ; 3,6 ; 6,5 ; 7,3 ; 3,4 ; 4,1 ; 6,1 ; 3,5 ; 40,6 ; 9,3 ; 40,1 ; 11,1 ; 61,6 ; 4,2 ; 9,4 ; 11,6 ; 2,4 ; 2,4 ; 6,4 ; 7,1 ; 4,3 ; 3,3 ; 3,7 ; 12,4 ; 0,9 ; 4,0 ; 3,1 ; 2,7 ; 3,0 ; 5,0 ; 4,1 ; 4,2 ; 2,5 ; 3,7 ; 8,8 ; 17,4 ; 3,3 ; 4,5 ; 6,6 ; 2,4 ; 3,7 ; 4,5 ; 2,2 ; 4,0 ; 7,3 ; 2,2 ; 3,3 ; 6,6 ; 1,2 ; 4,0 ; 2,9 ; 6,1 ; 1,7 ; 8,6 ; 1,6 ; 8,5 ; 4,2 ; 6,8 ; 7,1 ; 28,4 ; 4,0 ; 1,8 ; 2,3 ; 4,0 ; 4,2 ; 1,5 ; 1,4 ; 1,8 ; 13,5 
1.1.23 Com‚rcio e Servi‡os; 1,4 ; 8,9 ; 7,9 ; 3,7 ; 231,4 ; 509,1 ; 627,8 ; 59,4 ; 72,3 ; 53,1 ; 123,8 ; 422,9 ; 62,0 ; 5,0 ; 37,9 ; 52,3 ; 195,1 ; 115,7 ; 41,5 ; 26,6 ; 120,6 ; 146,8 ; 62,4 ; 262,2 ; 41,2 ; 38,6 ; 204,3 ; 291,4 ; 123,5 ; 154,0 ; 145,8 ; 35,0 ; 79,1 ; 287,3 ; 53,8 ; 139,9 ; 52,6 ; 9,0 ; 2,7 ; 92,7 ; 216,3 ; 84,9 ; 68,4 ; 20,8 ; 130,6 ; 41,3 ; 108,7 ; 357,8 ; 55,4 ; 25,1 ; 171,4 ; 176,5 ; 173,9 ; 234,3 ; 146,8 ; 119,3 ; 152,9 ; 199,9 ; 63,3 ; 432,5 ; 5,3 ; 46,3 ; 83,8 ; 6,2 ; 100,9 ; 124,6 ; 53,4 ; 111,2 ; 62,4 ; 71,8 ; 95,3 ; 110,1 ; 67,4 ; 47,6 ; 11,5 ; 129,8 ; 48,6 ; 174,1 ; 89,4 ; 38,0 ; 113,7 ; 58,9 ; 20,8 ; 18,4 ; 161,0 ; 74,1 ; 9,9 ; 8,9 ; 22,8 ; 10,7 ; 5,6 ; 108,8 ; 94,5 ; 96,3 ; 144,3 ; 320,8 ; 25,4 ; 23,9 ; 95,4 ; 63,3 ; 44,0 ; 81,7 ; 48,4 ; 2,6 ; 13,2 ; 94,9 ; 174,7 ; 319,8 ; 11,3 ; 19,1 ; 54,2 ; 12,0 ; 24,8 ; 35,4 ; 31,9 ; 41,6 ; 70,3 ; 17,3 ; 62,9 ; 316,8 ; 8,3 ; 33,4 ; 64,6 ; 77,5 ; 75,1 ; 28,9 ; 35,8 ; 4,9 ; 79,2 ; 56,2 ; 123,9 ; 66,6 ; 6,6 ; 4,2 ; 15,5 ; 58,5 ; 30,4 ; 100,1 ; 28,2 ; 40,2 ; 41,8 ; 71,1 ; 33,9 ; 202,8 ; 15,6 ; 0,2 ; 68,7 ; 7,9 ; 59,4 ; 2,8 ; 45,6 ; 234,9 ; 28,0 ; 78,1 ; 381,8 ; 433,0 ; 38,8 ; 0,0 ; 1,2 ; 3,3 ; 7,4 ; 41,0 ; 38,1 ; 79,8 ; 29,4 ; 26,9 ; 36,2 ; 148,4 ; 0,4 ; 4,9 ; 48,5 ; 7,1 ; 27,6 ; 67,1 ; 24,7 ; 5,4 ; 32,8 ; 7,4 ; 25,6 ; 33,3 ; 97,4 ; 1,1 ; 1,2 ; 17,7 ; 2,1 ; 46,2 ; 48,8 ; 30,6 ; 42,8 ; 19,3 ; 42,5 ; 263,1 ; 0,0 ; 1,5 ; 36,8 ; 15,0 ; 30,8 ; 24,4 ; 31,5 ; 1,1 ; 25,9 
1.1.24 Comunica‡äes; 1,6 ; 0,1 ; 4,5 ; 7,7 ; 10,4 ; 14,2 ; 20,0 ; 27,1 ; 31,8 ; 83,5 ; 27,1 ; 131,7 ; 0,5 ; 0,2 ; 0,5 ; 0,2 ; 4,3 ; 0,6 ; 0,2 ; 1,7 ; 2,9 ; 0,6 ; 0,5 ; 0,2 ; 0,7 ; 1,4 ; 2,2 ; 4,0 ; 6,2 ; 6,9 ; 3,6 ; 11,1 ; 0,5 ; 2,2 ; 1,4 ; 36,8 ; 1,0 ; 0,3 ; 16,0 ; 1,8 ; 2,1 ; 1,4 ; 3,4 ; 8,9 ; 11,2 ; 11,7 ; 3,3 ; 17,7 ; 0,8 ; 3,7 ; 6,3 ; 9,5 ; 16,1 ; 11,1 ; 15,8 ; 4,8 ; 9,5 ; 0,4 ; 3,0 ; 7,9 ; 14,0 ; 20,6 ; 10,1 ; 13,3 ; 9,8 ; 7,9 ; 9,2 ; 6,4 ; 2,3 ; 11,8 ; 2,6 ; 16,6 ; 23,2 ; 11,5 ; 8,5 ; 12,2 ; 14,0 ; 42,5 ; 26,5 ; 26,0 ; 13,3 ; 15,0 ; 5,0 ; 48,6 ; 3,3 ; 3,0 ; 8,3 ; 3,6 ; 8,3 ; 10,6 ; 9,1 ; 6,2 ; 6,5 ; 8,0 ; 6,6 ; 7,3 ; 4,1 ; 2,0 ; 5,9 ; 5,7 ; 3,1 ; 4,3 ; 4,8 ; 7,0 ; 4,7 ; 4,0 ; 7,2 ; 13,7 ; 2,0 ; 3,1 ; 3,7 ; 2,3 ; 7,8 ; 2,9 ; 6,9 ; 4,5 ; 6,0 ; 1,2 ; 3,0 ; 11,1 ; 6,1 ; 1,2 ; 3,8 ; 11,2 ; 9,2 ; 15,4 ; 10,3 ; 9,3 ; 6,4 ; 5,2 ; 4,9 ; 13,4 ; 3,5 ; 4,8 ; 10,9 ; 6,9 ; 12,1 ; 14,3 ; 10,6 ; 12,5 ; 7,7 ; 9,1 ; 11,7 ; 14,8 ; 4,9 ; 3,4 ; 2,7 ; 3,1 ; 20,1 ; 14,2 ; 13,8 ; 16,9 ; 24,1 ; 5,2 ; 9,0 ; 18,4 ; 2,9 ; 19,7 ; 5,3 ; 7,3 ; 9,6 ; 12,8 ; 11,2 ; 9,1 ; 6,3 ; 11,8 ; 4,2 ; 12,3 ; 2,6 ; 4,9 ; 10,6 ; 9,7 ; 21,5 ; 6,6 ; 13,2 ; 30,2 ; 30,4 ; 17,7 ; 19,9 ; 33,4 ; 7,9 ; 10,6 ; 29,1 ; 7,7 ; 14,2 ; 20,2 ; 4,0 ; 6,8 ; 8,4 ; 24,1 ; 22,8 ; 24,4 ; 1,4 ; 1,4 ; 3,8 ; 10,4 ; 5,8 ; 5,6 ; 12,9 ; 2,9 ; 4,0 
1.1.25 Energia; 0,6 ; 1,3 ; 1,0 ; 3,0 ; 7,2 ; 1,0 ; 2,1 ; 3,6 ; 2,8 ; 1,3 ; 3,7 ; 13,6 ; 2,2 ; 3,1 ; 2,9 ; 17,3 ; 5,0 ; 5,1 ; 1,1 ; 6,0 ; 0,2 ; 0,1 ; 1,4 ; 2,8 ; 2,8 ; 2,3 ; 4,5 ; 0,9 ; 5,0 ; 1,8 ; 1,3 ; 6,5 ; 5,4 ; 1,4 ; 0,4 ; 7,0 ; 4,7 ; 1,1 ; 3,2 ; 2,4 ; 0,6 ; 2,1 ; 1,5 ; 1,9 ; 2,3 ; 0,3 ; 0,9 ; 3,3 ; 4,8 ; 2,6 ; 2,6 ; 6,2 ; 2,6 ; 4,2 ; 0,2 ; 2,0 ; 2,0 ; 1,6 ; 8,9 ; 8,9 ; 7,7 ; 2,2 ; 1,0 ; 10,8 ; 6,4 ; 7,2 ; 7,3 ; 3,8 ; 6,4 ; 10,9 ; 5,6 ; 42,1 ; 3,7 ; 6,2 ; 11,8 ; 10,4 ; 8,3 ; 21,4 ; 6,9 ; 4,4 ; 8,3 ; 4,1 ; 2,5 ; 6,1 ; 0,9 ; 3,7 ; 4,5 ; 1,7 ; 1,4 ; 10,3 ; 13,5 ; 8,8 ; 2,6 ; 22,1 ; 5,5 ; 12,1 ; 5,1 ; 7,3 ; 1,8 ; 0,7 ; 2,8 ; 2,9 ; 0,6 ; 0,6 ; 6,0 ; 1,3 ; 1,3 ; 32,4 ; 0,6 ; 0,5 ; 0,4 ; 3,4 ; 2,4 ; 6,6 ; 1,4 ; 5,1 ; 1,8 ; 2,1 ; 2,8 ; 4,1 ; 1,3 ; 1,2 ; 4,7 ; 5,1 ; 3,5 ; 8,0 ; 0,5 ; 0,3 ; 1,7 ; 4,0 ; 14,5 ; 6,4 ; 1,1 ; 4,6 ; 6,1 ; 6,5 ; 31,8 ; 2,8 ; 6,9 ; 5,4 ; 2,1 ; 5,2 ; 3,8 ; 6,7 ; 4,4 ; 3,5 ; 14,9 ; 4,7 ; 3,7 ; 4,3 ; 11,3 ; 14,6 ; 14,1 ; 7,1 ; 16,0 ; 13,0 ; 1,5 ; 3,9 ; 7,4 ; 11,5 ; 7,8 ; 13,7 ; 8,9 ; 10,3 ; 5,8 ; 7,5 ; 10,4 ; 18,6 ; 1,1 ; 5,6 ; 3,3 ; 7,5 ; 4,2 ; 4,6 ; 4,5 ; 5,0 ; 12,4 ; 7,1 ; 1,3 ; 4,8 ; 4,4 ; 1,6 ; 3,8 ; 3,4 ; 3,1 ; 1,3 ; 6,4 ; 2,1 ; 1,8 ; 0,3 ; 0,7 ; 5,7 ; 2,9 ; 0,3 ; 5,5 ; 1,8 ; 3,9 ; 4,9 ; 1,5 ; 0,6 ; 4,4 
1.1.26 Transporte; 514,8 ; 794,3 ; 1.135,1 ; 1.058,0 ; 1.762,4 ; 928,7 ; 1.559,9 ; 1.621,0 ; 1.622,6 ; 770,1 ; 2.113,2 ; 2.673,8 ; 918,5 ; 847,2 ; 881,4 ; 1.490,0 ; 1.842,6 ; 1.567,6 ; 1.928,9 ; 1.710,4 ; 2.276,5 ; 3.166,1 ; 2.539,5 ; 4.210,2 ; 1.182,9 ; 1.822,4 ; 2.218,8 ; 2.035,1 ; 2.798,5 ; 2.963,7 ; 1.955,9 ; 1.615,8 ; 3.334,2 ; 3.761,0 ; 3.269,7 ; 4.161,0 ; 3.152,2 ; 636,9 ; 3.017,2 ; 1.813,7 ; 2.140,2 ; 2.508,1 ; 1.929,1 ; 2.710,5 ; 1.451,0 ; 2.093,0 ; 2.939,1 ; 4.382,2 ; 796,6 ; 1.064,3 ; 1.338,0 ; 1.357,7 ; 1.850,1 ; 1.520,7 ; 1.789,9 ; 2.179,8 ; 2.530,7 ; 2.537,9 ; 2.111,2 ; 3.108,0 ; 660,7 ; 992,4 ; 1.404,2 ; 1.307,1 ; 2.062,0 ; 1.213,3 ; 1.250,0 ; 1.683,5 ; 2.353,7 ; 2.410,3 ; 2.340,9 ; 3.581,5 ; 1.709,4 ; 1.794,1 ; 1.754,9 ; 1.998,0 ; 1.938,1 ; 1.622,4 ; 1.692,7 ; 3.115,9 ; 2.446,1 ; 1.503,1 ; 345,2 ; 2.846,8 ; 1.317,5 ; 1.640,5 ; 1.223,7 ; 212,4 ; 1.338,3 ; 1.300,3 ; 1.521,2 ; 1.008,0 ; 1.019,4 ; 969,3 ; 814,0 ; 1.297,4 ; 2.156,3 ; 1.451,7 ; 2.230,7 ; 773,4 ; 684,1 ; 1.451,5 ; 1.132,2 ; 1.225,7 ; 891,7 ; 651,3 ; 1.267,8 ; 2.223,5 ; 732,5 ; 775,8 ; 1.015,2 ; 656,6 ; 1.067,4 ; 1.041,5 ; 732,3 ; 1.402,0 ; 934,0 ; 1.300,4 ; 1.192,2 ; 2.724,6 ; 441,2 ; 754,6 ; 1.070,5 ; 1.013,3 ; 964,9 ; 983,3 ; 1.078,9 ; 1.221,6 ; 1.220,9 ; 1.420,9 ; 1.048,0 ; 1.552,8 ; 383,9 ; 572,9 ; 813,5 ; 703,6 ; 988,2 ; 707,1 ; 962,4 ; 839,7 ; 893,6 ; 1.068,5 ; 1.317,6 ; 1.236,7 ; 510,0 ; 560,9 ; 650,1 ; 724,1 ; 736,2 ; 812,0 ; 1.048,8 ; 862,5 ; 1.200,2 ; 832,8 ; 819,2 ; 1.353,6 ; 21,6 ; 589,4 ; 101,4 ; 1.157,3 ; 430,3 ; 1.118,5 ; 673,5 ; 523,5 ; 1.062,9 ; 838,5 ; 672,6 ; 1.150,3 ; 347,0 ; 532,8 ; 459,2 ; 674,9 ; 761,9 ; 629,2 ; 594,9 ; 737,5 ; 662,6 ; 533,2 ; 649,0 ; 1.246,4 ; 561,9 ; 518,9 ; 904,0 ; 816,2 ; 1.226,5 ; 1.337,5 ; 1.326,3 ; 1.568,0 ; 1.334,9 ; 1.322,5 ; 1.221,9 ; 1.934,9 ; 819,1 ; 719,2 ; 863,6 ; 1.453,7 ; 1.281,2 ; 1.275,0 ; 1.434,7 ; 921,6 ; 844,6 
1.1.27 Desporto e Lazer; 16,9 ; 8,0 ; 3,3 ; 12,1 ; 30,3 ; 123,0 ; 38,8 ; 21,3 ; 107,5 ; 10,1 ; 28,4 ; 103,6 ; 18,6 ; 73,0 ; 6,3 ; 20,8 ; 3,7 ; 60,3 ; 13,9 ; 7,6 ; 72,4 ; 39,7 ; 74,1 ; 72,4 ; 7,4 ; 12,0 ; 60,5 ; 27,8 ; 188,5 ; 55,2 ; 54,2 ; 83,0 ; 32,6 ; 4,6 ; 88,0 ; 33,0 ; 27,8 ; 5,0 ; 2,4 ; 27,3 ; 35,8 ; 15,4 ; 32,0 ; 14,9 ; 19,0 ; 36,0 ; 38,3 ; 321,9 ; 45,2 ; 22,9 ; 22,2 ; 21,5 ; 56,3 ; 34,5 ; 76,0 ; 20,8 ; 35,7 ; 101,1 ; 13,5 ; 214,4 ; 26,7 ; 77,8 ; 79,3 ; 46,3 ; 40,1 ; 13,4 ; 38,7 ; 116,3 ; 8,3 ; 65,8 ; 119,9 ; 70,7 ; 5,2 ; 138,6 ; 156,5 ; 224,8 ; 164,5 ; 271,2 ; 49,1 ; 183,8 ; 234,4 ; 105,1 ; 134,6 ; 195,8 ; 243,5 ; 199,5 ; 96,5 ; 146,1 ; 118,1 ; 73,9 ; 250,2 ; 164,0 ; 135,7 ; 265,8 ; 150,8 ; 493,6 ; 139,5 ; 46,8 ; 166,2 ; 140,6 ; 199,3 ; 85,4 ; 111,6 ; 54,5 ; 82,0 ; 236,9 ; 17,0 ; 725,6 ; 13,0 ; 9,3 ; 31,2 ; 2,3 ; 10,8 ; 73,3 ; 49,6 ; 21,0 ; 46,3 ; 45,1 ; 88,7 ; 201,1 ; 3,5 ; 5,9 ; 58,4 ; 41,8 ; 37,3 ; 48,7 ; 73,8 ; 13,0 ; 89,8 ; 69,2 ; 97,4 ; 121,5 ; 104,4 ; 4,0 ; 9,1 ; 3,0 ; 26,2 ; 78,9 ; 56,7 ; 17,5 ; 18,5 ; 36,5 ; 85,4 ; 321,0 ; 179,2 ; 8,4 ; 117,8 ; 20,0 ; 28,1 ; 11,1 ; 61,0 ; 95,6 ; 13,2 ; 12,3 ; 26,4 ; 217,7 ; 5,3 ; 1,5 ; 2,2 ; 5,8 ; 2,0 ; 69,0 ; 13,3 ; 68,3 ; 26,0 ; 31,0 ; 26,1 ; 93,9 ; 1,3 ; 2,0 ; 27,1 ; 11,3 ; 44,0 ; 171,0 ; 30,6 ; 0,9 ; 12,1 ; 1,2 ; 10,5 ; 77,3 ; 0,8 ; 0,2 ; 5,0 ; 15,4 ; 26,0 ; 40,7 ; 37,1 ; 23,8 ; 6,9 ; 34,4 ; 26,6 ; 138,3 ; 0,2 ; 3,0 ; 37,4 ; 51,0 ; 13,6 ; 12,0 ; 76,1 ; 1,7 ; 3,2 
1.1.28 Encargos Especiais; 3,1 ; 4,8 ; 2,7 ; 4,0 ; 2,6 ; 9,5 ; 6,6 ; 8,1 ; 7,3 ; 1,8 ; 3,0 ; 41,9 ; 3,1 ; 11,2 ; 17,7 ; 5,6 ; 3,8 ; 4,5 ; 21,5 ; 4,0 ; 10,7 ; 10,6 ; 26,4 ; 20,9 ; 7,4 ; 7,6 ; 11,7 ; 22,1 ; 38,6 ; 13,9 ; 35,1 ; 12,8 ; 22,1 ; 17,9 ; 7,5 ; 32,3 ; 12,6 ; 24,5 ; 14,2 ; 32,1 ; 23,5 ; 31,1 ; 28,3 ; 20,7 ; 27,1 ; 23,7 ; 72,7 ; 34,0 ; 31,8 ; 14,5 ; 65,7 ; 13,3 ; 21,5 ; 8,0 ; 30,0 ; 36,1 ; 51,1 ; 38,5 ; 21,6 ; 90,5 ; 18,8 ; 11,8 ; 52,7 ; 12,3 ; 29,4 ; 50,0 ; 90,0 ; 14,2 ; 53,4 ; 39,0 ; 23,6 ; 54,3 ; 15,3 ; 41,5 ; 14,6 ; 18,0 ; 13,7 ; 10,3 ; 51,3 ; 16,3 ; 22,0 ; 16,8 ; 10,7 ; 20,2 ; 6,7 ; 5,0 ; 5,0 ; 6,0 ; 3,9 ; 8,2 ; 3,4 ; 3,7 ; 7,9 ; 1,2 ; 5,9 ; 5,9 ; 2,6 ; 2,3 ; 1,6 ; 6,4 ; 4,3 ; 16,7 ; 16,0 ; 4,2 ; 34,4 ; 2,9 ; 2,0 ; 5,8 ; 13,4 ; 6,4 ; 9,6 ; 1,7 ; 4,1 ; 19,9 ; 12,3 ; 4,4 ; 9,4 ; 3,3 ; 3,4 ; 10,2 ; 3,0 ; 4,0 ; 1,8 ; 7,3 ; 5,6 ; 15,1 ; 36,9 ; 8,1 ; 3,8 ; 22,4 ; 5,4 ; 17,9 ; 1,6 ; 1,8 ; 10,1 ; 1,0 ; 23,6 ; 0,4 ; 6,6 ; 12,8 ; 43,5 ; 15,3 ; 19,7 ; 24,8 ; 24,5 ; 8,9 ; 7,2 ; 5,7 ; 5,7 ; 713,1 ; 5,5 ; 1,5 ; 5,8 ; 4,3 ; 4,9 ; 60,0 ; 8,2 ; 1,4 ; 4,7 ; 15,7 ; 1,5 ; 1,2 ; 3,1 ; 1.150,8 ; 1.024,7 ; 3,7 ; 2,3 ; 41,9 ; 2,6 ; 40,3 ; 3,1 ; 7,3 ; 3,4 ; 12,3 ; 1.626,3 ; 5,1 ; 6,6 ; 5,1 ; 5,7 ; 5,7 ; 7,3 ; 3,7 ; 1.626,5 ; 2,0 ; 6,4 ; 6,7 ; 13,6 ; 3.037,3 ; 343,0 ; 1.200,1 ; 20,8 ; 2.063,6 ; 8,7 ; 12,8 ; 7,6 ; 14,7 ; 7,3 ; 235,9 ; 3.557,7 ; 7,4 ; 4,7 
1.2. Inversäes Financeiras (GND 5) 2/; 532,2 ; 24,6 ; 14,1 ; 33,1 ; 41,5 ; 59,6 ; 626,5 ; 1.117,3 ; 49,7 ; 314,0 ; 642,8 ; 1.240,2 ; 641,9 ; 162,9 ; 188,6 ; 626,5 ; 48,7 ; 38,0 ; 320,1 ; 87,7 ; 102,1 ; 315,4 ; 477,2 ; 3.363,4 ; 563,1 ; 11,0 ; 65,9 ; 477,7 ; 309,2 ; 532,6 ; 173,7 ; 231,7 ; 572,1 ; 2.030,2 ; 228,0 ; 473,3 ; 2.635,9 ; 10,9 ; 31,0 ; 1.782,3 ; 2.168,5 ; 2.135,9 ; 3.043,9 ; 754,1 ; 345,1 ; 3.412,5 ; 591,7 ; 5.403,7 ; 5.399,3 ; 40,8 ; 5.271,4 ; 4.061,1 ; 2.977,6 ; 5.477,5 ; 177,7 ; 916,3 ; 112,0 ; 70,8 ; 198,3 ; 222,6 ; 9.397,8 ; 724,8 ; 904,4 ; 4.522,9 ; 93,4 ; 3.707,3 ; 1.735,0 ; 459,0 ; 1.323,8 ; 3.048,3 ; 3.431,3 ; 2.334,0 ; 4.183,1 ; 2.143,3 ; 3.792,0 ; 875,9 ; 4.679,2 ; 1.611,4 ; 1.946,7 ; 4.908,2 ; 1.761,5 ; 3.159,6 ; 2.867,1 ; 1.549,2 ; 3.380,1 ; 1.199,4 ; 1.838,0 ; 2.630,5 ; 2.140,6 ; 1.869,1 ; 1.945,3 ; 3.511,5 ; 1.584,6 ; 879,7 ; 2.215,6 ; 755,0 ; 1.876,6 ; 1.074,1 ; 745,8 ; 2.773,7 ; 712,0 ; 1.159,7 ; 701,1 ; 918,4 ; 2.400,9 ; 683,6 ; 4.845,1 ; 6.265,4 ; 31,4 ; 111,2 ; 22,1 ; 1.011,1 ; 1.007,6 ; 2.324,7 ; 484,8 ; 288,7 ; 77,3 ; 744,1 ; 180,7 ; 5.574,3 ; 37,0 ; 276,6 ; 2.096,6 ; 1.454,4 ; 348,4 ; 2.605,2 ; 451,7 ; 480,3 ; 745,1 ; 1.130,7 ; 543,5 ; 5.354,8 ; 138,6 ; 861,2 ; 598,5 ; 4.358,5 ; 842,5 ; 616,7 ; 344,0 ; 259,8 ; 636,6 ; 127,9 ; 394,3 ; 15.712,7 ; 136,6 ; 1.152,9 ; 2,2 ; 2,1 ; 124,2 ; 29.919,6 ; 154,3 ; 6.696,8 ; 22.134,6 ; 6.672,3 ; 843,5 ; 13.692,8 ; 627,7 ; 0,1 ; 0,4 ; 99,8 ; 812,3 ; 3.873,8 ; 5.544,2 ; 135,4 ; 17,8 ; 7,9 ; 4.608,7 ; 8.706,7 ; 12,4 ; 354,8 ; 216,0 ; 9,2 ; 449,1 ; 227,5 ; 1,1 ; 363,8 ; 93,3 ; 110,4 ; 195,9 ; 2.772,5 ; 2,3 ; 640,2 ; 0,8 ; 150,6 ; 1.301,4 ; 953,5 ; 3.410,3 ; 7,0 ; 691,8 ; 2.084,4 ; 2.038,7 ; 12.230,1 ; 0,2 ; 1.918,5 ; 509,9 ; 305,8 ; 5.012,3 ; 1.418,6 ; 2.985,9 ; 812,1 ; 1.538,3 
1.2.1 Legislativa; 13,2 ; -   ; -   ; -   ; -   ; -   ; -   ; -   ; -   ; -   ; -   ; -   ; -   ; -   ; -   ; -   ; -   ; -   ; -   ; -   ; -   ; -   ; -   ; -   ; -   ; -   ; -   ; -   ; -   ; -   ; -   ; -   ; -   ; -   ; -   ; 8,1 ; -   ; -   ; -   ; -   ; -   ; -   ; -   ; -   ; -   ; -   ; -   ; -   ; -   ; -   ; -   ; -   ; -   ; -   ; -   ; -   ; -   ; -   ; -   ; -   ; -   ; -   ; -   ; -   ; -   ; -   ; -   ; -   ; -   ; -   ; -   ; -   ; -   ; -   ; -   ; -   ; -   ; -   ; 10,6 ; -   ; 7,0 ; -   ; -   ; -   ; -   ; 18,0 ; -   ; -   ; -   ; -   ; -   ; -   ; -   ; -   ; -   ; -   ; -   ; -   ; -   ; -   ; -   ; -   ; -   ; -   ; -   ; -   ; -   ; 6,6 ; 6,2 ; -   ; -   ; -   ; -   ; -   ; -   ; -   ; -   ; -   ; -   ; -   ; -   ; -   ; -   ; -   ; -   ; -   ; -   ; -   ; -   ; -   ; -   ; -   ; -   ; -   ; -   ; -   ; -   ; -   ; -   ; -   ; -   ; -   ; -   ; -   ; -   ; -   ; -   ; -   ; -   ; -   ; -   ; -   ; -   ; -   ; -   ; -   ; -   ; -   ; -   ; -   ; -   ; -   ; -   ; -   ; -   ; -   ; -   ; -   ; -   ; -   ; -   ; -   ; -   ; -   ; -   ; -   ; -   ; -   ; -   ; -   ; -   ; -   ; -   ; -   ; -   ; -   ; -   ; -   ; -   ; -   ; -   ; -   ; -   ; -   ; -   ; -   ; -   ; -   ; -   ; -   ; -   
1.2.2 Judici ria; 0,4 ; 1,0 ; 3,7 ; 2,5 ; -   ; 0,6 ; 0,7 ; 7,0 ; -   ; -   ; 1,5 ; 0,9 ; 2,1 ; -   ; 11,5 ; 4,8 ; 0,7 ; -   ; -   ; 0,7 ; 1,0 ; 1,9 ; 0,5 ; 12,3 ; 12,7 ; 1,3 ; 28,6 ; 0,2 ; -   ; -   ; 0,2 ; 0,4 ; 32,0 ; -   ; -   ; 26,3 ; -   ; -   ; 0,2 ; 0,8 ; -   ; -   ; -   ; -   ; -   ; 20,8 ; -   ; 92,6 ; 0,7 ; 11,6 ; -   ; 0,0 ; 43,4 ; -   ; -   ; -   ; -   ; -   ; -   ; 2,0 ; 159,8 ; -   ; -   ; 0,4 ; 11,5 ; -   ; 87,8 ; -   ; -   ; 0,6 ; -   ; -   ; -   ; -   ; -   ; -   ; -   ; -   ; -   ; -   ; 0,7 ; 2,0 ; -   ; -   ; -   ; -   ; -   ; -   ; 2,0 ; -   ; -   ; -   ; -   ; -   ; 5,8 ; 10,6 ; -   ; 0,4 ; 2,6 ; -   ; 0,7 ; -   ; -   ; -   ; -   ; -   ; 0,7 ; -   ; -   ; -   ; 0,3 ; -   ; -   ; -   ; -   ; -   ; 13,6 ; -   ; -   ; 200,0 ; -   ; -   ; 245,9 ; -   ; 1,5 ; 2,7 ; -   ; 8,9 ; 4,6 ; 61,6 ; -   ; 40,6 ; -   ; 22,5 ; -   ; -   ; -   ; 0,2 ; -   ; -   ; -   ; 1,6 ; -   ; 381,1 ; 105,0 ; -   ; -   ; -   ; -   ; -   ; -   ; -   ; -   ; -   ; -   ; 14,7 ; -   ; -   ; -   ; -   ; -   ; -   ; -   ; -   ; -   ; -   ; -   ; 23,0 ; -   ; -   ; -   ; -   ; -   ; -   ; -   ; 3,3 ; -   ; -   ; -   ; 41,4 ; -   ; -   ; -   ; -   ; -   ; -   ; -   ; -   ; -   ; -   ; -   ; 9,4 ; -   ; 39,8 ; -   ; -   ; -   ; 2,5 ; -   ; -   ; -   
1.2.3 Essencial … Justi‡a; 26,1 ; -   ; 2,3 ; -   ; 2,3 ; 3,5 ; 51,5 ; 2,1 ; -   ; 54,1 ; 1,5 ; 34,5 ; -   ; 1,7 ; 0,5 ; -   ; 2,7 ; 1,0 ; -   ; 1,6 ; 19,7 ; 1,6 ; -   ; 13,1 ; -   ; -   ; 1,5 ; 0,3 ; -   ; -   ; 2,2 ; 0,4 ; -   ; 12,0 ; 3,8 ; 12,7 ; -   ; -   ; 25,1 ; 27,1 ; -   ; -   ; 2,1 ; -   ; -   ; 4,4 ; -   ; -   ; 79,9 ; -   ; 22,0 ; -   ; 1,8 ; 36,0 ; 31,6 ; -   ; -   ; -   ; 2,0 ; 0,8 ; -   ; -   ; -   ; -   ; 0,9 ; -   ; -   ; -   ; 20,3 ; -   ; 1,9 ; 43,1 ; -   ; -   ; 2,9 ; -   ; -   ; -   ; 1,5 ; -   ; 17,1 ; 3,3 ; 2,4 ; 19,2 ; -   ; -   ; 11,1 ; -   ; 31,8 ; -   ; -   ; 24,5 ; -   ; 9,7 ; -   ; -   ; -   ; 6,0 ; -   ; -   ; 8,8 ; 5,0 ; -   ; -   ; -   ; -   ; 7,3 ; 11,1 ; -   ; -   ; -   ; -   ; -   ; -   ; -   ; -   ; -   ; -   ; -   ; 72,2 ; -   ; -   ; -   ; -   ; -   ; -   ; -   ; -   ; -   ; -   ; -   ; 34,1 ; -   ; -   ; -   ; -   ; -   ; -   ; -   ; -   ; -   ; -   ; -   ; -   ; -   ; 10,1 ; -   ; -   ; -   ; -   ; 2,9 ; 1,9 ; -   ; -   ; 3,8 ; 76,2 ; -   ; -   ; -   ; -   ; -   ; 12,1 ; -   ; 8,7 ; 4,3 ; -   ; -   ; 12,8 ; -   ; -   ; -   ; -   ; 9,4 ; 0,4 ; -   ; -   ; -   ; -   ; -   ; 4,6 ; -   ; -   ; -   ; -   ; -   ; -   ; 0,2 ; 6,1 ; -   ; -   ; -   ; 1,0 ; -   ; -   ; -   ; -   ; -   ; -   ; -   ; -   ; -   
1.2.4 Administra‡Æo; -   ; -   ; -   ; -   ; 2,0 ; -   ; -   ; -   ; -   ; -   ; -   ; -   ; -   ; -   ; 3,2 ; 0,8 ; 2,7 ; -   ; 4,2 ; 2,6 ; -   ; -   ; -   ; -   ; 499,9 ; -   ; 15,0 ; -   ; -   ; 2,0 ; 1,4 ; -   ; 1,9 ; 25,3 ; 11,1 ; 0,3 ; 365,5 ; 9,5 ; -   ; -   ; -   ; 445,7 ; -   ; -   ; -   ; -   ; -   ; 78,7 ; -   ; 27,9 ; 129,4 ; -   ; -   ; -   ; -   ; -   ; -   ; -   ; -   ; 5,1 ; 11,0 ; 96,7 ; 21,6 ; 174,9 ; -   ; 64,3 ; 65,0 ; -   ; -   ; -   ; 206,9 ; -   ; -   ; -   ; 340,4 ; -   ; -   ; -   ; -   ; -   ; -   ; -   ; -   ; -   ; -   ; -   ; 309,4 ; 138,0 ; -   ; 79,9 ; -   ; -   ; 123,3 ; 117,1 ; 98,1 ; 10,5 ; -   ; -   ; -   ; -   ; -   ; -   ; -   ; -   ; -   ; -   ; -   ; -   ; -   ; -   ; -   ; -   ; 102,3 ; -   ; 24,2 ; 17,1 ; -   ; -   ; -   ; -   ; -   ; -   ; -   ; -   ; -   ; -   ; -   ; -   ; -   ; -   ; -   ; -   ; -   ; -   ; -   ; -   ; -   ; -   ; -   ; -   ; -   ; -   ; -   ; -   ; -   ; -   ; -   ; -   ; -   ; -   ; -   ; -   ; -   ; -   ; -   ; -   ; -   ; -   ; -   ; -   ; -   ; -   ; -   ; -   ; -   ; -   ; -   ; -   ; -   ; -   ; -   ; -   ; -   ; -   ; -   ; -   ; -   ; -   ; -   ; -   ; -   ; -   ; -   ; -   ; -   ; -   ; -   ; -   ; -   ; -   ; -   ; -   ; -   ; -   ; -   ; -   ; -   ; -   ; -   ; -   ; -   
1.2.5 Defesa Nacional; 0,1 ; 0,4 ; 0,2 ; 0,3 ; 2,8 ; 0,3 ; 0,2 ; 118,1 ; 0,5 ; 73,7 ; 0,6 ; 1,0 ; 2,6 ; 0,4 ; 0,5 ; 0,3 ; 0,2 ; 0,6 ; 0,3 ; 0,6 ; 1,4 ; 0,4 ; 0,5 ; 1,0 ; 0,2 ; 0,4 ; 0,5 ; 2,1 ; 0,2 ; 0,2 ; 0,2 ; 0,2 ; 0,8 ; 0,4 ; 1,0 ; 1,2 ; 0,3 ; 0,1 ; 0,6 ; 0,3 ; 0,7 ; 0,9 ; 1,0 ; 0,7 ; 1,1 ; 0,4 ; 1,2 ; 0,7 ; 0,2 ; 0,3 ; 0,3 ; 0,6 ; 0,5 ; 0,6 ; 0,2 ; 0,6 ; 0,6 ; 0,4 ; 28,4 ; 3,4 ; 828,4 ; 0,9 ; 227,4 ; 475,7 ; 0,4 ; 0,1 ; 0,3 ; 0,7 ; 0,6 ; 0,7 ; 0,7 ; 0,7 ; 0,3 ; 0,2 ; 0,5 ; 0,4 ; 0,2 ; 0,5 ; 0,7 ; 0,5 ; 67,8 ; 15,8 ; 58,3 ; 23,7 ; 0,0 ; 0,2 ; 0,7 ; 0,0 ; 1,0 ; 0,4 ; 0,2 ; 225,6 ; 71,3 ; 0,1 ; 1,1 ; 175,5 ; 0,1 ; 0,1 ; 46,6 ; 97,7 ; 6,6 ; 1,1 ; 0,7 ; 0,7 ; 0,3 ; 0,1 ; 0,6 ; 28,4 ; -   ; -   ; 10,1 ; 5,8 ; 42,2 ; 0,4 ; 0,0 ; 0,3 ; 0,0 ; 0,1 ; 0,1 ; 0,0 ; 0,0 ; 0,0 ; 35,4 ; 1,3 ; 0,0 ; 2.249,7 ; 1,2 ; 1,3 ; 1,1 ; 0,0 ; 0,7 ; 1.422,8 ; 0,1 ; 0,1 ; 0,1 ; 0,8 ; 0,7 ; 0,4 ; 0,6 ; 0,8 ; 0,2 ; 0,8 ; 0,7 ; 9.952,8 ; 0,4 ; 0,0 ; 0,5 ; 1,0 ; 0,4 ; 0,2 ; 0,7 ; 0,3 ; 1,0 ; 0,8 ; 0,1 ; 0,1 ; 0,0 ; 0,0 ; 0,0 ; 0,2 ; 0,3 ; 30,3 ; 1,2 ; 0,8 ; 2,0 ; 0,8 ; 0,2 ; 1,5 ; 0,1 ; 0,1 ; 0,3 ; 0,5 ; 0,5 ; 0,9 ; 0,2 ; 0,6 ; 0,8 ; 0,7 ; 0,4 ; 0,5 ; 0,3 ; 0,2 ; 0,6 ; 0,5 ; 0,4 ; 0,2 ; 0,0 ; 0,2 ; 0,3 ; 0,8 ; 0,5 ; -   ; 0,0 ; 0,1 ; 0,1 ; 0,1 ; 0,5 ; 1,0 ; 0,3 ; 0,3 ; 0,6 
1.2.6 Seguran‡a P£blica; -   ; -   ; -   ; -   ; -   ; -   ; -   ; -   ; -   ; -   ; -   ; 1,2 ; -   ; -   ; -   ; -   ; -   ; -   ; -   ; -   ; -   ; -   ; -   ; -   ; -   ; -   ; -   ; -   ; -   ; -   ; -   ; -   ; -   ; -   ; -   ; 1,8 ; -   ; -   ; -   ; -   ; -   ; -   ; -   ; -   ; -   ; -   ; -   ; -   ; -   ; -   ; -   ; -   ; -   ; -   ; -   ; -   ; -   ; -   ; -   ; -   ; -   ; -   ; -   ; -   ; -   ; -   ; -   ; -   ; -   ; -   ; -   ; -   ; -   ; -   ; -   ; -   ; -   ; -   ; -   ; -   ; -   ; -   ; -   ; -   ; -   ; -   ; -   ; -   ; -   ; -   ; -   ; -   ; -   ; -   ; -   ; -   ; -   ; -   ; -   ; -   ; -   ; -   ; -   ; -   ; -   ; -   ; -   ; -   ; -   ; -   ; -   ; -   ; -   ; -   ; -   ; -   ; -   ; -   ; -   ; -   ; -   ; -   ; -   ; -   ; -   ; -   ; -   ; -   ; -   ; -   ; -   ; -   ; -   ; -   ; -   ; -   ; -   ; -   ; -   ; -   ; -   ; -   ; -   ; -   ; -   ; -   ; -   ; -   ; -   ; -   ; -   ; -   ; -   ; -   ; -   ; -   ; -   ; -   ; -   ; -   ; -   ; -   ; -   ; -   ; -   ; -   ; -   ; -   ; -   ; -   ; -   ; -   ; -   ; -   ; -   ; -   ; -   ; -   ; -   ; -   ; -   ; -   ; -   ; -   ; -   ; -   ; -   ; -   ; -   ; -   ; -   ; -   ; -   ; -   ; -   ; -   ; -   ; -   ; -   ; -   ; -   
1.2.7 Rela‡äes Exteriores; -   ; -   ; -   ; -   ; -   ; -   ; -   ; -   ; -   ; -   ; -   ; -   ; -   ; -   ; -   ; -   ; -   ; -   ; -   ; -   ; -   ; -   ; -   ; -   ; -   ; -   ; -   ; -   ; -   ; -   ; -   ; -   ; 14,3 ; 0,3 ;-0,3 ; 131,6 ; -   ; -   ; -   ; -   ; -   ; -   ; -   ; -   ; -   ; -   ; -   ; -   ; -   ; -   ; -   ; -   ; -   ; -   ; -   ; -   ; -   ; -   ; -   ; -   ; -   ; -   ; -   ; -   ; -   ; -   ; 8,5 ; 0,3 ;-0,5 ;-0,1 ; 0,4 ; 2,4 ; -   ; -   ; -   ; -   ; -   ; -   ; -   ; -   ; -   ; -   ; -   ; -   ; -   ; -   ; -   ; -   ; -   ; -   ; -   ; -   ; -   ; -   ; -   ; -   ; -   ; -   ; -   ; -   ; -   ; -   ; -   ; -   ; -   ; -   ; -   ; -   ; -   ; -   ; -   ; -   ; -   ; -   ; -   ; -   ; -   ; -   ; -   ; -   ; -   ; -   ; -   ; -   ; -   ; 12,1 ;-0,3 ; 1,2 ;-0,4 ;-0,9 ; 0,5 ; 0,0 ; -   ; -   ; -   ; -   ; -   ; 3,1 ;-0,1 ; 0,3 ; 0,0 ;-0,1 ; 0,2 ;-0,2 ; -   ; -   ; -   ; -   ; -   ; -   ; -   ; -   ; -   ; -   ; -   ; -   ; -   ; -   ; -   ; -   ; -   ; -   ; -   ; -   ; -   ; -   ; -   ; -   ; -   ; -   ; -   ; -   ; -   ; -   ; -   ; -   ; -   ; -   ; -   ; -   ; -   ; -   ; -   ; -   ; -   ; -   ; -   ; -   ; -   ; -   ; -   ; -   ; -   ; -   ; -   ; -   ; -   ; -   ; -   ; -   ; -   
1.2.8 Assistˆncia Social; -   ; -   ; -   ; -   ; -   ; -   ; -   ; -   ; -   ; -   ; -   ; -   ; -   ; -   ; -   ; -   ; -   ; -   ; -   ; -   ; -   ; -   ; -   ; -   ; -   ; -   ; -   ; -   ; -   ; -   ; -   ; -   ; -   ; -   ; -   ; -   ; -   ; -   ; -   ; -   ; -   ; -   ; -   ; -   ; -   ; -   ; -   ; -   ; -   ; -   ; -   ; -   ; -   ; -   ; -   ; -   ; -   ; -   ; -   ; -   ; -   ; -   ; -   ; -   ; -   ; -   ; -   ; -   ; -   ; -   ; -   ; -   ; -   ; -   ; -   ; -   ; -   ; -   ; -   ; -   ; -   ; -   ; -   ; -   ; -   ; -   ; -   ; -   ; -   ; -   ; -   ; -   ; -   ; -   ; -   ; -   ; -   ; -   ; -   ; -   ; -   ; -   ; -   ; -   ; -   ; -   ; -   ; -   ; -   ; -   ; -   ; -   ; -   ; -   ; -   ; -   ; -   ; -   ; -   ; -   ; -   ; -   ; -   ; -   ; -   ; -   ; -   ; -   ; -   ; -   ; -   ; -   ; -   ; -   ; -   ; -   ; -   ; -   ; -   ; -   ; -   ; -   ; -   ; -   ; -   ; -   ; -   ; -   ; -   ; -   ; -   ; -   ; -   ; -   ; -   ; -   ; -   ; -   ; -   ; -   ; -   ; -   ; -   ; -   ; -   ; -   ; -   ; -   ; -   ; -   ; -   ; -   ; -   ; -   ; -   ; -   ; -   ; -   ; -   ; -   ; -   ; -   ; -   ; -   ; -   ; -   ; -   ; -   ; -   ; -   ; -   ; -   ; -   ; -   ; -   ; -   ; -   ; -   ; -   ; -   ; -   
1.2.9 Previdˆncia Social; -   ; -   ; -   ; -   ; -   ; -   ; -   ; -   ; -   ; -   ; -   ; -   ; -   ; -   ; -   ; -   ; -   ; -   ; -   ; -   ; -   ; -   ; -   ; 4,0 ; 0,3 ; -   ; 1,1 ; -   ; -   ; -   ; -   ; -   ; -   ; -   ; -   ; -   ; -   ; -   ; -   ; -   ; -   ; -   ; -   ; -   ; -   ; -   ; -   ; -   ; -   ; -   ; -   ; -   ; -   ; -   ; -   ; -   ; -   ; -   ; -   ; -   ; -   ; -   ; -   ; -   ; -   ; -   ; -   ; -   ; -   ; -   ; -   ; -   ; -   ; -   ; -   ; -   ; -   ; -   ; -   ; -   ; -   ; -   ; -   ; -   ; -   ; -   ; -   ; -   ; -   ; -   ; -   ; -   ; -   ; -   ; -   ; -   ; -   ; -   ; -   ; -   ; -   ; -   ; -   ; -   ; -   ; -   ; -   ; 0,3 ; -   ; -   ; -   ; -   ; -   ; -   ; -   ; -   ; -   ; -   ; -   ; -   ; -   ; -   ; -   ; -   ; -   ; -   ; -   ; -   ; -   ; -   ; -   ; -   ; -   ; -   ; -   ; -   ; -   ; -   ; -   ; -   ; -   ; -   ; -   ; -   ; -   ; -   ; -   ; -   ; -   ; -   ; -   ; -   ; -   ; -   ; -   ; -   ; -   ; -   ; -   ; -   ; -   ; -   ; -   ; -   ; -   ; -   ; -   ; -   ; -   ; -   ; -   ; -   ; -   ; -   ; -   ; -   ; -   ; -   ; -   ; -   ; -   ; -   ; -   ; -   ; -   ; -   ; -   ; -   ; -   ; -   ; -   ; -   ; -   ; -   ; -   ; -   ; -   ; -   ; -   ; -   ; -   
1.2.10 Sa£de; -   ; -   ; -   ; -   ; -   ; -   ; -   ; -   ; -   ; -   ; -   ; 91,2 ; -   ; -   ; -   ; 6,7 ; -   ; -   ; -   ; 41,6 ; -   ; -   ; -   ; 191,9 ; -   ; -   ; -   ; -   ; -   ; -   ; -   ; -   ; -   ; -   ; -   ; -   ; -   ; -   ; -   ; 254,5 ; -   ; -   ; -   ; -   ; -   ; -   ; -   ; 91,3 ; -   ; -   ; -   ; -   ; -   ; -   ; -   ; -   ; -   ; -   ; -   ; 8,7 ; -   ; 382,9 ; -   ; -   ; -   ; -   ; -   ; -   ; -   ; -   ; -   ; 284,3 ; -   ; -   ; -   ; -   ; -   ; -   ; -   ; -   ; -   ; -   ; -   ; -   ; 51,1 ; -   ; -   ; -   ; -   ; -   ; -   ; 18,7 ; 160,1 ; -   ; 110,1 ; -   ; -   ; -   ; 151,8 ; -   ; -   ; 44,7 ; -   ; -   ; -   ; -   ; 77,8 ; -   ; -   ; -   ; -   ; -   ; -   ; 29,0 ; 8,7 ; -   ; -   ; -   ; -   ; -   ; -   ; -   ; -   ; -   ; -   ; -   ; -   ; -   ; -   ; -   ; -   ; 407,0 ; -   ; -   ; -   ; -   ; -   ; -   ; -   ; -   ; -   ; -   ; -   ; -   ; -   ; -   ; -   ; -   ; -   ; -   ; -   ; -   ; -   ; -   ; -   ; -   ; -   ; -   ; -   ; -   ; -   ; -   ; -   ; -   ; -   ; -   ; -   ; -   ; -   ; -   ; -   ; -   ; -   ; -   ; -   ; -   ; -   ; -   ; -   ; -   ; -   ; -   ; -   ; -   ; -   ; -   ; -   ; -   ; -   ; -   ; -   ; 406,0 ; -   ; -   ; -   ; -   ; -   ; -   ; -   ; -   ; -   
1.2.11 Trabalho; -   ; -   ; -   ; -   ; -   ; -   ; -   ; -   ; -   ; -   ; -   ; -   ; -   ; -   ; -   ; -   ; -   ; -   ; -   ; -   ; -   ; -   ; -   ; -   ; -   ; -   ; -   ; -   ; -   ; -   ; -   ; -   ; -   ; -   ; -   ; -   ; -   ; -   ; -   ; -   ; -   ; -   ; -   ; -   ; -   ; -   ; -   ; -   ; -   ; -   ; -   ; -   ; -   ; -   ; -   ; -   ; -   ; -   ; -   ; -   ; -   ; -   ; -   ; -   ; -   ; -   ; -   ; -   ; -   ; -   ; -   ; -   ; -   ; -   ; -   ; -   ; -   ; -   ; -   ; -   ; -   ; -   ; -   ; -   ; -   ; -   ; -   ; -   ; -   ; -   ; -   ; -   ; -   ; -   ; -   ; -   ; -   ; -   ; -   ; -   ; -   ; -   ; -   ; -   ; -   ; -   ; -   ; -   ; -   ; -   ; -   ; -   ; -   ; -   ; -   ; -   ; -   ; -   ; -   ; -   ; -   ; -   ; -   ; -   ; -   ; -   ; -   ; -   ; -   ; -   ; -   ; -   ; -   ; -   ; -   ; -   ; -   ; -   ; -   ; -   ; -   ; -   ; -   ; -   ; -   ; -   ; -   ; -   ; -   ; -   ; -   ; -   ; -   ; -   ; -   ; -   ; -   ; -   ; -   ; -   ; -   ; -   ; -   ; -   ; -   ; -   ; -   ; -   ; -   ; -   ; -   ; -   ; -   ; -   ; -   ; -   ; -   ; -   ; -   ; -   ; -   ; -   ; -   ; -   ; -   ; -   ; -   ; -   ; -   ; -   ; -   ; -   ; -   ; -   ; -   ; -   ; -   ; -   ; -   ; -   ; -   
1.2.12 Educa‡Æo; 0,0 ; 0,0 ; 0,0 ; 0,0 ; 4,2 ; 0,0 ; 49,2 ; 0,0 ; 0,0 ; 2,9 ; 0,0 ; 2,5 ; 0,0 ; 17,1 ; 0,0 ; 1,7 ; 0,3 ; 1,0 ; 0,0 ; 0,0 ; 0,6 ; 11,8 ; 19,3 ; 152,7 ; 3,2 ; 0,0 ; 9,2 ; 0,6 ; 4,0 ; 3,1 ; 0,0 ; 0,0 ; 1,2 ; 2,1 ; 20,3 ; 53,0 ; 11,2 ; 0,0 ; 1,8 ; 0,0 ; 24,0 ; 0,6 ; 1,2 ; 0,5 ; 40,5 ; 0,0 ; 0,0 ; 47,4 ; 0,0 ; 0,0 ; 15,2 ;-5,6 ; -   ; -   ; 2,0 ; -   ; -   ; 4,6 ; 30,1 ; 53,3 ; 1,3 ; 1,9 ; 12,6 ; -   ; -   ; 11,0 ; -   ; 11,9 ; 6,5 ; 2,0 ; 2,1 ; 3,8 ; 19,2 ; -   ; -   ; 5,3 ; 2,7 ; 7,1 ; 7,3 ; -   ; -   ; -   ; 6,4 ; 36,0 ; -   ; 0,1 ; 2,2 ; -   ; -   ; -   ; -   ; -   ; -   ; 8,7 ; 0,8 ; 0,3 ; 0,4 ; 0,2 ; 0,1 ; 5,1 ; -   ; -   ; -   ; -   ; -   ; -   ; -   ; 827,9 ; -   ; -   ; 0,9 ; -   ; -   ; -   ; -   ; -   ; -   ; -   ; -   ; -   ; -   ; -   ; 706,6 ; -   ; -   ; -   ; -   ; -   ; -   ; -   ; -   ; 13,0 ; -   ; 680,8 ; -   ; -   ; -   ; -   ; -   ; -   ; -   ; -   ; -   ; -   ; -   ; 654,3 ; -   ; -   ; -   ; -   ; 0,3 ; -   ; -   ; -   ; -   ; -   ; 627,6 ; -   ; -   ; -   ; -   ; -   ; -   ; -   ; -   ; -   ; -   ; -   ; -   ; 337,7 ; -   ; -   ; -   ; 216,8 ; -   ; -   ; -   ; -   ; -   ; -   ; -   ; 319,8 ; -   ; -   ; -   ; -   ; 209,9 ; -   ; -   ; -   ; -   ; 6.301,6 ; -   ; -   ; -   ; -   ; -   ; 302,4 ; 200,8 ; -   ; -   
1.2.13 Cultura; 0,0 ; -   ; 0,2 ; -   ; -   ; 0,0 ; -   ; 0,0 ; -   ; 0,0 ; -   ; 19,4 ; 0,0 ; -   ; 0,0 ; 2,0 ; -   ; 0,0 ; 0,6 ; -   ; 0,3 ; -   ; 0,7 ; -   ; -   ; -   ; 1,2 ; -   ; -   ; 0,0 ; 0,0 ; 0,0 ; -   ; -   ; 0,0 ; 0,0 ; 0,0 ; 0,0 ; -   ; -   ; -   ; 0,3 ; 0,4 ; -   ; -   ; -   ; 0,0 ; -   ; 0,0 ; 0,0 ; -   ; 0,0 ; 0,0 ; 0,0 ; 0,0 ; -   ; -   ; 0,0 ; 0,0 ; 1,8 ; 0,0 ; 0,0 ; -   ; -   ; -   ; -   ; 0,0 ; -   ; -   ; -   ; -   ; -   ; -   ; -   ; 0,0 ; 0,0 ; 0,0 ; -   ; -   ; 0,0 ; -   ; 0,0 ; 0,0 ; 0,0 ; 0,0 ; -   ; -   ; -   ; -   ; 7,5 ; -   ; -   ; -   ; -   ; -   ; -   ; -   ; -   ; -   ; -   ; -   ; -   ; 0,0 ; -   ; -   ; -   ; -   ; -   ; -   ; -   ; -   ; -   ; -   ; -   ; -   ; -   ; -   ; -   ; -   ; -   ; -   ; -   ; -   ; -   ; -   ; -   ; -   ; -   ; -   ; -   ; -   ; -   ; -   ; -   ; -   ; -   ; -   ; -   ; -   ; -   ; -   ; -   ; -   ; -   ; -   ; -   ; -   ; -   ; -   ; -   ; -   ; -   ; -   ; -   ; -   ; -   ; -   ; -   ; -   ; -   ; -   ; -   ; -   ; -   ; -   ; -   ; -   ; -   ; -   ; -   ; -   ; -   ; -   ; -   ; -   ; -   ; -   ; -   ; -   ; -   ; -   ; -   ; -   ; -   ; -   ; -   ; -   ; -   ; -   ; -   ; -   ; -   ; -   ; -   ; -   ; -   ; -   ; -   ; -   ; -   ; -   
1.2.14 Direitos da Cidadania; -   ; -   ; -   ; -   ; -   ; -   ; -   ; -   ; -   ; -   ; -   ; -   ; -   ; -   ; -   ; -   ; -   ; -   ; -   ; -   ; -   ; -   ; -   ; -   ; -   ; 0,6 ; -   ; -   ; -   ; -   ; 1,3 ; -   ; -   ; -   ; -   ; -   ; -   ; -   ; -   ; -   ; -   ; -   ; -   ; -   ; -   ; -   ; -   ; -   ; -   ; -   ; 0,3 ; 0,1 ; -   ; 0,7 ; -   ; -   ; -   ; -   ; -   ; -   ; -   ; -   ; -   ; -   ; -   ; -   ; -   ; -   ; -   ; -   ; -   ; -   ; -   ; -   ; -   ; -   ; -   ; -   ; -   ; -   ; -   ; -   ; -   ; -   ; -   ; -   ; -   ; -   ; -   ; -   ; -   ; -   ; -   ; -   ; -   ; -   ; -   ; -   ; -   ; -   ; -   ; -   ; -   ; -   ; -   ; -   ; -   ; -   ; -   ; -   ; -   ; -   ; -   ; -   ; -   ; -   ; -   ; -   ; -   ; -   ; -   ; -   ; -   ; -   ; -   ; -   ; -   ; -   ; -   ; -   ; -   ; -   ; -   ; 19,3 ; -   ; -   ; -   ; -   ; -   ; -   ; -   ; -   ; -   ; 2,5 ; -   ; -   ; -   ; -   ; -   ; -   ; -   ; -   ; -   ; 2,4 ; -   ; 3,0 ; -   ; -   ; -   ; 0,0 ; -   ; -   ; -   ; -   ; -   ; -   ; -   ; -   ; -   ; -   ; -   ; -   ; -   ; -   ; -   ; -   ; -   ; -   ; -   ; -   ; -   ; -   ; -   ; -   ; -   ; -   ; -   ; -   ; -   ; -   ; -   ; -   ; -   ; -   ; -   ; -   ; -   ; 1,7 ; -   ; -   ; 3,0 
1.2.15 Urbanismo; -   ; -   ; -   ; -   ; -   ; -   ; -   ; -   ; -   ; -   ; -   ; -   ; -   ; -   ; -   ; -   ; -   ; -   ; -   ; -   ; -   ; -   ; -   ; 23,7 ; 22,9 ; -   ; -   ; -   ; -   ; -   ; -   ; -   ; -   ; -   ; -   ; -   ; -   ; -   ; -   ; -   ; -   ; -   ; -   ; -   ; -   ; -   ; -   ; -   ; -   ; -   ; -   ; -   ; -   ; -   ; -   ; -   ; -   ; -   ; -   ; -   ; -   ; -   ; -   ; -   ; -   ; -   ; -   ; -   ; -   ; -   ; -   ; -   ; -   ; -   ; -   ; -   ; -   ; -   ; -   ; -   ; -   ; -   ; -   ; -   ; -   ; -   ; -   ; -   ; -   ; -   ; -   ; -   ; -   ; -   ; -   ; -   ; -   ; -   ; -   ; -   ; -   ; -   ; -   ; -   ; -   ; -   ; -   ; -   ; -   ; -   ; -   ; -   ; -   ; -   ; -   ; -   ; -   ; -   ; -   ; -   ; -   ; -   ; -   ; -   ; -   ; -   ; -   ; -   ; -   ; -   ; -   ; -   ; -   ; -   ; -   ; -   ; -   ; -   ; -   ; -   ; -   ; -   ; -   ; -   ; -   ; -   ; -   ; -   ; -   ; -   ; -   ; -   ; -   ; -   ; -   ; -   ; -   ; -   ; -   ; -   ; -   ; -   ; -   ; -   ; -   ; -   ; -   ; -   ; -   ; -   ; -   ; -   ; -   ; -   ; -   ; -   ; -   ; -   ; -   ; -   ; -   ; -   ; -   ; -   ; -   ; -   ; -   ; -   ; -   ; -   ; -   ; -   ; -   ; -   ; -   ; -   ; -   ; -   ; -   ; -   ; -   
1.2.16 Habita‡Æo; -   ; -   ; -   ; -   ; -   ; -   ; -   ; -   ; -   ; -   ; -   ; -   ; -   ; -   ; -   ; -   ; -   ; -   ; -   ; -   ; -   ; -   ; -   ; -   ; -   ; -   ; -   ; -   ; -   ; -   ; -   ; -   ; -   ; -   ; -   ; -   ; -   ; -   ; -   ; -   ; -   ; -   ; -   ; -   ; -   ; -   ; -   ; -   ; -   ; -   ; -   ; -   ; -   ; -   ; -   ; -   ; -   ; -   ; -   ; -   ; -   ; -   ; -   ; -   ; -   ; -   ; -   ; -   ; -   ; -   ; -   ; -   ; -   ; -   ; -   ; -   ; -   ; -   ; -   ; -   ; -   ; -   ; -   ; -   ; -   ; -   ; -   ; -   ; -   ; -   ; -   ; -   ; -   ; -   ; -   ; -   ; -   ; -   ; -   ; -   ; -   ; -   ; -   ; -   ; -   ; -   ; -   ; -   ; -   ; -   ; -   ; -   ; -   ; -   ; -   ; -   ; -   ; -   ; -   ; -   ; -   ; -   ; -   ; -   ; -   ; -   ; -   ; -   ; -   ; -   ; -   ; -   ; -   ; -   ; -   ; -   ; -   ; -   ; -   ; -   ; -   ; -   ; -   ; -   ; -   ; -   ; -   ; -   ; -   ; -   ; -   ; -   ; -   ; -   ; -   ; -   ; -   ; -   ; -   ; -   ; -   ; -   ; -   ; -   ; -   ; -   ; -   ; -   ; -   ; -   ; -   ; -   ; -   ; -   ; -   ; -   ; -   ; -   ; -   ; -   ; -   ; -   ; -   ; -   ; -   ; -   ; -   ; -   ; -   ; -   ; -   ; -   ; -   ; -   ; -   ; -   ; -   ; -   ; -   ; -   ; -   
1.2.17 Saneamento; -   ; -   ; -   ; -   ; -   ; -   ; -   ; -   ; -   ; -   ; -   ; -   ; -   ; -   ; -   ; -   ; -   ; -   ; -   ; -   ; -   ; -   ; -   ; -   ; -   ; -   ; -   ; -   ; -   ; -   ; -   ; -   ; -   ; -   ; -   ; -   ; -   ; -   ; -   ; -   ; -   ; -   ; -   ; -   ; -   ; -   ; -   ; -   ; -   ; -   ; -   ; -   ; -   ; -   ; -   ; -   ; -   ; -   ; -   ; -   ; -   ; -   ; -   ; -   ; -   ; -   ; -   ; -   ; -   ; -   ; -   ; -   ; -   ; -   ; -   ; -   ; -   ; -   ; -   ; -   ; -   ; -   ; -   ; -   ; -   ; -   ; -   ; -   ; -   ; -   ; -   ; -   ; -   ; -   ; -   ; -   ; -   ; -   ; -   ; -   ; -   ; -   ; -   ; -   ; -   ; -   ; -   ; -   ; -   ; -   ; -   ; -   ; -   ; -   ; -   ; -   ; -   ; -   ; -   ; -   ; -   ; -   ; -   ; -   ; -   ; -   ; -   ; -   ; -   ; -   ; -   ; -   ; -   ; -   ; -   ; -   ; -   ; -   ; -   ; -   ; -   ; -   ; -   ; -   ; -   ; -   ; -   ; -   ; -   ; -   ; -   ; -   ; -   ; -   ; -   ; -   ; -   ; -   ; -   ; -   ; -   ; -   ; -   ; -   ; -   ; -   ; -   ; -   ; -   ; -   ; -   ; -   ; -   ; -   ; -   ; -   ; -   ; -   ; -   ; -   ; -   ; -   ; -   ; -   ; -   ; -   ; -   ; -   ; -   ; -   ; -   ; -   ; -   ; -   ; -   ; -   ; -   ; -   ; -   ; -   ; -   
1.2.18 GestÆo Ambiental; -   ; -   ; -   ; -   ; -   ; -   ; -   ; -   ; -   ; -   ; -   ; -   ; -   ; -   ; -   ; -   ; -   ; -   ; -   ; -   ; -   ; -   ; -   ; -   ; -   ; -   ; -   ; -   ; -   ; -   ; -   ; -   ; -   ; -   ; -   ; 111,0 ; -   ; -   ; -   ; -   ; -   ; -   ; -   ; -   ; -   ; -   ; -   ; 100,7 ; 2,6 ; -   ; -   ; -   ; 0,7 ; -   ; -   ; 0,0 ; -   ; -   ; -   ; -   ; 1,3 ; -   ; -   ; -   ; -   ; -   ; 0,0 ; -   ; -   ; -   ; -   ; -   ; -   ; -   ; -   ; -   ; -   ; -   ; 0,8 ; -   ; -   ; -   ; -   ; 0,0 ; -   ; -   ; -   ; -   ; -   ; -   ; -   ; -   ; -   ; -   ; -   ; -   ; -   ; -   ; -   ; -   ; -   ; -   ; -   ; -   ; -   ; 1,2 ; 0,7 ; -   ; -   ; 0,6 ; -   ; -   ; -   ; 5,0 ; 2,1 ; -   ; -   ; 0,5 ; 2,3 ; 1,6 ; -   ; -   ; -   ; -   ; 0,5 ; 0,6 ; 2,6 ; 9,5 ; 1,5 ; 2,8 ; 1,2 ; 1,9 ; 0,3 ; 0,3 ; -   ; -   ; 1,6 ; 0,2 ; -   ; 2,7 ; 2,9 ; -   ; 0,5 ; 31,0 ; 1,1 ; 1,1 ; -   ; -   ; 1,8 ; 1,2 ; -   ; -   ; -   ; -   ; -   ; 1,1 ; -   ; -   ; -   ; -   ; -   ; -   ; -   ; 0,1 ; -   ; -   ; -   ; -   ; -   ; -   ; -   ; -   ; -   ; -   ; -   ; -   ; -   ; -   ; -   ; -   ; -   ; -   ; -   ; -   ; -   ; -   ; -   ; -   ; -   ; -   ; -   ; 0,1 ; -   ; -   ; -   ; -   ; -   ; -   ; -   ; -   ; -   
1.2.19 Ciˆncia e Tecnologia; -   ; -   ; -   ; -   ; -   ; -   ; 48,6 ; -   ; -   ; 25,3 ; -   ; -   ; -   ; 10,1 ; 120,6 ; -   ; -   ; -   ; -   ; -   ; 55,3 ; 63,5 ; 78,7 ; 41,9 ; -   ; -   ; -   ; -   ; 47,9 ; -   ; 56,2 ; 56,2 ; 13,5 ; -   ; -   ; -   ; -   ; -   ; -   ; -   ; -   ; -   ; -   ; 8,0 ; -   ; -   ; 103,3 ; -   ; -   ; -   ; -   ; -   ; -   ; 1,0 ; 100,0 ; 88,4 ; -   ; 52,8 ; 40,0 ; 5,0 ; -   ; 2,2 ; -   ; -   ; 31,5 ; -   ; -   ; -   ; 62,4 ; -   ; -   ; -   ; -   ; -   ; -   ; -   ; -   ; -   ; 8,8 ; -   ; -   ; -   ; 5,2 ; 3,4 ; 13,8 ; 5,6 ; 17,8 ; 3,7 ; 9,8 ; 4,0 ; 18,6 ; 3,2 ; 19,7 ; 3,0 ; 1,4 ; 3,1 ; 3,4 ; 2,2 ; -   ; 12,1 ; 1,4 ; 5,3 ; 4,0 ; 5,3 ; 19,6 ; 2,2 ; 15,6 ; 43,7 ; 9,2 ; 14,5 ; 4,1 ; 0,8 ; 5,1 ; 11,4 ; 9,6 ; 6,6 ; 5,5 ; 4,0 ; 5,0 ; 13,9 ; -   ; 15,1 ; 4,1 ; 6,0 ; 2,9 ; 2,1 ; 14,7 ; 1,8 ; 0,4 ; 1,0 ; 1,7 ; 1,4 ; 1,2 ; 1,8 ; 0,8 ; 7,5 ; 0,9 ; 0,4 ; 4,4 ; 2,4 ; 3,3 ; 5,3 ; 2,0 ; 3,6 ; 0,6 ; 3,5 ; -   ; 0,1 ; 3,7 ; -   ; -   ; -   ; -   ; -   ; -   ; -   ; -   ; -   ; -   ; -   ; -   ; -   ; -   ; -   ; -   ; -   ; -   ; -   ; -   ; 7,1 ; -   ; 0,0 ; 0,3 ; -   ; -   ; 1,2 ; -   ; -   ; -   ; -   ; 1,8 ; 0,3 ; 0,0 ; 1,1 ; 0,6 ; 0,0 ; 0,8 ; 0,4 ; 0,3 ; 0,0 ; -   ; -   ; 0,0 ; 0,5 ; 0,2 ; 0,5 ; 0,2 ; -   ; 0,3 ; 0,3 ; 0,6 
1.2.20 Agricultura; -   ; -   ; -   ; -   ; -   ; -   ; -   ; 8,5 ; -   ; -   ; -   ; -   ; -   ; -   ; -   ; -   ; -   ; -   ; -   ; -   ; -   ; -   ; -   ; -   ; -   ; -   ; -   ; -   ; -   ; -   ; -   ; -   ; -   ; -   ; -   ; 0,4 ; -   ; -   ; -   ; -   ; -   ; -   ; -   ; -   ; -   ; -   ; -   ; -   ; -   ; -   ; -   ; -   ; -   ; -   ; 2,7 ; 2,7 ; -   ; -   ; -   ; 5,2 ; 2,6 ; -   ; -   ; -   ; -   ; -   ; -   ; -   ; -   ; -   ; -   ; -   ; -   ; -   ; -   ; -   ; -   ; -   ; -   ; -   ; -   ; -   ; -   ; -   ; -   ; -   ; -   ; -   ; -   ; -   ; -   ; -   ; -   ; -   ; -   ; -   ; -   ; -   ; -   ; -   ; -   ; -   ; -   ; -   ; -   ; -   ; -   ; -   ; -   ; -   ; -   ; -   ; -   ; -   ; -   ; -   ; -   ; -   ; -   ; -   ; -   ; -   ; -   ; -   ; -   ; -   ; -   ; -   ; -   ; -   ; -   ; -   ; -   ; -   ; -   ; -   ; -   ; -   ; -   ; -   ; -   ; -   ; -   ; -   ; 0,1 ; 2,0 ; 0,8 ; 0,9 ; 0,2 ; 0,7 ; 0,0 ; 0,2 ; -   ; 0,3 ; -   ; -   ; -   ; -   ; 0,1 ; -   ; 0,0 ; 0,2 ; -   ; -   ; -   ; -   ; -   ; -   ; 12,3 ; 9,8 ; 71,9 ; 5,9 ; 0,3 ; 8,5 ; 0,4 ; 0,0 ; 0,0 ; 0,0 ; -   ; -   ; 0,0 ; 0,0 ; -   ; 0,1 ; -   ; -   ; -   ; -   ; -   ; -   ; -   ; -   ; -   ; -   ; -   ; -   ; -   ; -   ; -   ; -   ; -   
1.2.21 Organiza‡Æo Agr ria; 54,6 ; 23,1 ; 7,6 ; 15,5 ; 15,7 ; 47,9 ; 465,7 ; 305,6 ; 36,6 ; 53,0 ; 635,4 ; 244,1 ; 73,9 ; 123,0 ; 52,0 ; 609,6 ; 23,7 ; 19,3 ; 310,2 ; 39,4 ; 15,1 ; 232,3 ; 309,6 ; 305,7 ; 23,5 ; 8,6 ; 8,4 ; 71,4 ; 5,9 ; 522,9 ; 38,8 ; 151,7 ; 300,2 ; 13,6 ; 82,8 ; 36,6 ; 6,1 ; 1,3 ; 0,9 ; 14,5 ; 7,8 ; 112,6 ; 20,6 ; 430,1 ; 117,9 ; 42,2 ; 230,0 ; 696,3 ; 29,4 ; 0,9 ; 16,7 ; 30,1 ; 4,9 ; 314,6 ; 12,8 ; 19,1 ; 110,9 ; 9,3 ; 91,9 ; 75,0 ; 12,3 ; 38,4 ; 613,9 ; 41,5 ; 20,6 ; 84,0 ; 11,2 ; 121,4 ; 21,6 ; 39,3 ; 45,9 ; 73,7 ; 13,1 ; 73,3 ; 14,2 ; 21,9 ; 231,5 ; 23,0 ; 9,7 ; 87,1 ; 322,8 ; 242,5 ; 102,1 ; 21,7 ; 2,9 ; 3,3 ; 2,0 ; 0,0 ; 6,7 ; 147,8 ; 4,6 ; 62,1 ; 40,3 ; 53,1 ; 5,9 ; 32,8 ; 0,3 ; 0,2 ; 4,9 ; 5,6 ; 103,2 ; 3,9 ; 43,9 ; 15,5 ; 4,6 ; 1,5 ; 59,9 ; 161,8 ; 5,1 ; 3,8 ; 1,9 ; 2,9 ; 0,1 ; -   ; 13,0 ; 18,7 ; 4,7 ; 9,7 ; 5,0 ; 49,6 ; 26,0 ; 1,3 ; 2,3 ; 1,7 ; 12,3 ; 0,5 ; 0,1 ; 0,1 ; 35,4 ; 4,9 ; 0,8 ; 0,7 ; 0,1 ; 0,2 ; -   ; 2,2 ; 1,5 ; 0,8 ; 4,6 ; 0,3 ; -   ; 5,8 ; 0,2 ; 8,5 ; 16,2 ; 1,9 ; 0,8 ; -   ; 0,6 ; 0,0 ; 0,3 ; -   ; 0,5 ; 1,0 ; 1,1 ; 39,4 ; -   ; 0,0 ; 0,1 ; 0,0 ; 0,8 ; -   ; -   ; -   ; -   ; 0,8 ; 0,0 ; -   ; -   ; -   ; 0,0 ; 0,0 ; -   ; 0,7 ; -   ; -   ; -   ; 0,0 ; -   ; 0,0 ; -   ; -   ; -   ; -   ; 1,0 ; -   ; -   ; 0,2 ; -   ; -   ; -   ; -   ; -   ; -   ; -   ; 0,1 ; 0,6 ; 2,3 ; 21,1 ; -   ; 7,9 
1.2.22 Ind£stria; -   ; -   ; -   ; -   ; -   ; -   ; -   ; -   ; -   ; -   ; -   ; -   ; -   ; -   ; -   ; -   ; -   ; -   ; -   ; -   ; -   ; -   ; -   ; -   ; -   ; -   ; -   ; -   ; -   ; -   ; -   ; -   ; -   ; -   ; -   ; -   ; -   ; -   ; -   ; -   ; -   ; -   ; -   ; -   ; -   ; -   ; -   ; -   ; -   ; -   ; -   ; -   ; -   ; -   ; -   ; -   ; -   ; -   ; -   ; -   ; -   ; -   ; -   ; -   ; -   ; -   ; -   ; -   ; -   ; -   ; -   ; -   ; -   ; -   ; -   ; -   ; -   ; -   ; -   ; -   ; -   ; -   ; -   ; -   ; -   ; -   ; -   ; -   ; -   ; -   ; -   ; -   ; -   ; -   ; -   ; -   ; -   ; -   ; -   ; -   ; -   ; -   ; -   ; -   ; -   ; -   ; -   ; -   ; -   ; -   ; -   ; -   ; -   ; -   ; -   ; -   ; -   ; -   ; -   ; -   ; -   ; -   ; -   ; -   ; -   ; -   ; -   ; -   ; -   ; -   ; -   ; -   ; -   ; -   ; -   ; -   ; -   ; -   ; -   ; -   ; -   ; -   ; -   ; -   ; -   ; -   ; -   ; -   ; -   ; -   ; -   ; -   ; -   ; -   ; -   ; -   ; -   ; -   ; -   ; -   ; -   ; -   ; -   ; -   ; -   ; -   ; -   ; -   ; -   ; -   ; -   ; -   ; -   ; -   ; -   ; -   ; -   ; -   ; -   ; -   ; -   ; -   ; -   ; -   ; -   ; -   ; -   ; -   ; -   ; -   ; -   ; -   ; -   ; -   ; -   ; -   ; -   ; -   ; -   ; -   ; -   
1.2.23 Com‚rcio e Servi‡os; -   ; -   ; -   ; -   ; -   ; -   ; -   ; -   ; -   ; -   ; -   ; -   ; -   ; -   ; -   ; -   ; -   ; -   ; -   ; -   ; -   ; -   ; -   ; -   ; -   ; -   ; -   ; -   ; -   ; -   ; -   ; -   ; -   ; -   ; -   ; -   ; -   ; -   ; -   ; -   ; -   ; -   ; -   ; -   ; -   ; -   ; -   ; -   ; -   ; -   ; -   ; -   ; -   ; -   ; -   ; -   ; -   ; -   ; -   ; -   ; -   ; -   ; -   ; -   ; -   ; -   ; -   ; -   ; -   ; -   ; -   ; -   ; -   ; -   ; -   ; -   ; -   ; -   ; -   ; -   ; -   ; -   ; -   ; -   ; -   ; -   ; -   ; -   ; -   ; -   ; -   ; -   ; -   ; -   ; -   ; -   ; -   ; -   ; -   ; -   ; -   ; -   ; -   ; -   ; -   ; -   ; -   ; -   ; -   ; -   ; -   ; -   ; -   ; -   ; -   ; -   ; -   ; -   ; -   ; -   ; -   ; -   ; -   ; -   ; -   ; -   ; -   ; -   ; -   ; -   ; -   ; -   ; -   ; -   ; -   ; -   ; -   ; -   ; -   ; -   ; -   ; -   ; -   ; -   ; -   ; -   ; -   ; -   ; -   ; -   ; -   ; -   ; -   ; -   ; -   ; -   ; -   ; -   ; -   ; -   ; -   ; -   ; -   ; -   ; -   ; -   ; -   ; -   ; -   ; -   ; -   ; -   ; -   ; -   ; -   ; -   ; -   ; -   ; -   ; -   ; -   ; -   ; -   ; -   ; -   ; -   ; -   ; -   ; -   ; -   ; -   ; -   ; -   ; -   ; -   ; -   ; -   ; -   ; -   ; -   ; -   
1.2.24 Comunica‡äes; -   ; -   ; -   ; -   ; -   ; -   ; -   ; -   ; -   ; -   ; -   ; 483,8 ; 2,8 ; -   ; -   ; -   ; -   ; -   ; -   ; -   ; -   ; -   ; -   ; -   ; -   ; -   ; -   ; -   ; -   ; -   ; -   ; -   ; -   ; -   ; -   ; -   ; -   ; -   ; -   ; -   ; -   ; 137,7 ; 116,6 ; 262,7 ; 112,7 ; 73,0 ; -   ; 125,9 ; 40,9 ; -   ; -   ; -   ; -   ; -   ; -   ; -   ; -   ; -   ; -   ; -   ; 100,2 ; -   ; -   ; -   ; -   ; 94,0 ; -   ; -   ; -   ; -   ; -   ; -   ; -   ; -   ; -   ; -   ; -   ; -   ; -   ; -   ; -   ; -   ; -   ; -   ; -   ; -   ; -   ; -   ; -   ; -   ; -   ; -   ; -   ; -   ; -   ; -   ; -   ; -   ; -   ; -   ; -   ; -   ; -   ; -   ; -   ; -   ; -   ; -   ; -   ; -   ; -   ; -   ; -   ; -   ; -   ; -   ; -   ; -   ; -   ; -   ; -   ; -   ; -   ; -   ; -   ; -   ; -   ; -   ; -   ; -   ; -   ; -   ; -   ; -   ; -   ; -   ; -   ; -   ; -   ; -   ; -   ; -   ; -   ; -   ; -   ; -   ; -   ; -   ; -   ; -   ; -   ; -   ; -   ; -   ; -   ; -   ; -   ; -   ; -   ; -   ; -   ; -   ; -   ; -   ; -   ; -   ; -   ; -   ; -   ; -   ; -   ; -   ; -   ; -   ; -   ; -   ; -   ; -   ; -   ; -   ; -   ; -   ; -   ; -   ; -   ; -   ; -   ; -   ; -   ; -   ; -   ; -   ; -   ; -   ; -   ; -   ; -   ; -   ; -   ; -   ; -   
1.2.25 Energia; -   ; -   ; -   ; -   ; -   ; -   ; -   ; -   ; -   ; -   ; -   ; -   ; -   ; -   ; -   ; -   ; -   ; -   ; -   ; -   ; -   ; -   ; -   ; -   ; -   ; -   ; -   ; -   ; -   ; -   ; -   ; -   ; -   ; -   ; -   ; -   ; -   ; -   ; -   ; -   ; -   ; -   ; -   ; -   ; -   ; -   ; -   ; -   ; -   ; -   ; -   ; -   ; -   ; -   ; -   ; -   ; -   ; -   ; -   ; -   ; -   ; -   ; -   ; -   ; -   ; -   ; -   ; -   ; -   ; -   ; -   ; -   ; -   ; -   ; -   ; -   ; -   ; -   ; -   ; -   ; -   ; -   ; -   ; -   ; -   ; -   ; -   ; -   ; -   ; -   ; -   ; -   ; -   ; -   ; -   ; -   ; -   ; -   ; -   ; -   ; -   ; -   ; -   ; 0,2 ;-0,2 ; -   ; 4,6 ; -   ; -   ; -   ; -   ; -   ; -   ; -   ; -   ; -   ; -   ; -   ; -   ; 4,3 ; -   ; -   ; -   ; -   ; -   ; 4,2 ; -   ; -   ; -   ; -   ; -   ; -   ; -   ; -   ; 4,1 ; -   ; -   ; -   ; -   ; -   ; -   ; -   ; 0,8 ; 3,2 ; -   ; -   ; -   ; -   ; -   ; -   ; -   ; -   ; -   ; -   ; -   ; -   ; -   ; -   ; -   ; -   ; -   ; -   ; -   ; -   ; -   ; -   ; -   ; -   ; -   ; -   ; -   ; -   ; -   ; -   ; -   ; -   ; -   ; -   ; -   ; -   ; -   ; -   ; -   ; -   ; -   ; -   ; -   ; -   ; -   ; -   ; -   ; -   ; -   ; -   ; -   ; -   ; -   ; -   ; -   ; -   ; -   
1.2.26 Transporte; -   ; -   ; -   ; 14,5 ; 14,5 ; 6,8 ; 10,3 ; 10,6 ; 14,0 ; 104,6 ; 3,6 ; 360,4 ; -   ; 10,2 ; -   ; -   ; 18,1 ; 15,4 ; 3,5 ; 1,6 ; 8,3 ; 4,5 ; 67,8 ; 653,1 ; -   ; -   ; -   ; -   ; 6,7 ; 4,1 ; 72,0 ; -   ; 208,1 ; 188,0 ; 109,0 ; 90,2 ; 81,0 ; -   ; 2,3 ; -   ; 347,5 ; 76,4 ; 52,0 ; 51,5 ; 72,1 ; 488,6 ; 257,4 ; 414,0 ; -   ; -   ; -   ; -   ; -   ; 1.143,1 ; 27,0 ; 8,6 ; -   ; 3,7 ; 5,9 ; 62,2 ; -   ; 201,5 ; 28,6 ; 28,4 ; 28,3 ; 30,1 ; 25,4 ; 42,5 ; 33,7 ; 21,1 ; 11,1 ; 387,9 ; 367,7 ; -   ; 0,9 ; 0,0 ; 1,8 ; -   ; -   ; 0,0 ; -   ; -   ; -   ; -   ; -   ; -   ; 0,2 ; -   ; -   ; 40,6 ; 40,3 ; 161,0 ; 80,1 ; 85,9 ; 39,3 ; 225,8 ; -   ; -   ; -   ; 75,4 ; 134,7 ; -   ; -   ; 0,9 ; 3,1 ; 1,7 ; -   ; 2,2 ; -   ; -   ; -   ; -   ; -   ; -   ; -   ; -   ; -   ; 1,1 ; -   ; 6,5 ; -   ; -   ; -   ; -   ; -   ; -   ; -   ; -   ; -   ; -   ; -   ; 0,6 ; -   ; -   ; -   ; -   ; -   ; -   ; -   ; -   ; -   ; -   ; -   ; -   ; -   ; 8,4 ; -   ; -   ; -   ; -   ; -   ; 2,6 ; -   ; -   ; -   ; 3,1 ; -   ; -   ; -   ; -   ; 0,7 ; -   ; 5,9 ; -   ; 2,0 ; 3,6 ; 1,2 ; 71,2 ; -   ; -   ; -   ; -   ; -   ; -   ; -   ; -   ; -   ; -   ; -   ; -   ; -   ; -   ; -   ; -   ; -   ; -   ; -   ; -   ; -   ; -   ; -   ; -   ; -   ; -   ; -   ; -   ; -   ; -   ; 197,6 ; -   ; -   
1.2.27 Desporto e Lazer; -   ; -   ; -   ; -   ; -   ; -   ; -   ; -   ; -   ; -   ; -   ; -   ; -   ; -   ; -   ; -   ; -   ; -   ; -   ; -   ; -   ; -   ; -   ; -   ; -   ; -   ; -   ; -   ; -   ; -   ; -   ; 22,5 ; -   ; -   ; -   ; -   ; -   ; -   ; -   ; -   ; -   ; -   ; -   ; -   ; -   ; -   ; -   ; -   ; -   ; -   ; -   ; -   ; -   ; -   ; -   ; -   ; -   ; -   ; -   ; -   ; -   ; -   ; -   ; -   ; -   ; -   ; -   ; -   ; -   ; -   ; -   ; -   ; -   ; -   ; -   ; -   ; -   ; -   ; -   ; -   ; -   ; -   ; -   ; -   ; -   ; -   ; -   ; -   ; -   ; -   ; -   ; -   ; -   ; -   ; -   ; -   ; -   ; -   ; -   ; -   ; -   ; -   ; -   ; -   ; -   ; -   ; -   ; -   ; -   ; -   ; -   ; -   ; -   ; -   ; -   ; -   ; -   ; -   ; -   ; -   ; -   ; -   ; -   ; -   ; -   ; -   ; -   ; -   ; -   ; -   ; -   ; -   ; -   ; -   ; -   ; -   ; -   ; -   ; -   ; -   ; -   ; -   ; -   ; -   ; -   ; -   ; -   ; -   ; -   ; -   ; -   ; -   ; -   ; -   ; -   ; -   ; -   ; -   ; -   ; -   ; -   ; -   ; -   ; -   ; -   ; -   ; -   ; -   ; -   ; -   ; -   ; -   ; -   ; -   ; -   ; -   ; -   ; -   ; -   ; -   ; -   ; -   ; -   ; -   ; -   ; -   ; -   ; -   ; -   ; -   ; -   ; -   ; -   ; -   ; -   ; -   ; -   ; -   ; -   ; -   ; -   
1.2.28 Encargos Especiais; 437,7 ; 0,1 ; 0,1 ; 0,3 ; 0,1 ; 0,4 ; 0,3 ; 665,3 ;-1,5 ; 0,4 ; 0,2 ; 1,2 ; 560,4 ; 0,3 ; 0,2 ; 0,7 ; 0,2 ; 0,8 ; 1,1 ;-0,3 ; 0,5 ;-0,5 ; 0,1 ; 1.963,8 ; 0,4 ; 0,1 ; 0,3 ; 403,2 ; 244,4 ; 0,2 ; 1,5 ; 0,3 ; 0,1 ; 1.788,4 ; 0,1 ; 0,2 ; 2.171,6 ; -   ; 0,1 ; 1.485,0 ; 1.788,6 ; 1.361,8 ; 2.850,3 ; 0,5 ; 0,8 ; 2.783,0 ;-0,2 ; 3.756,1 ; 5.245,6 ; 0,1 ; 5.087,4 ; 4.035,9 ; 2.926,2 ; 3.981,4 ; 1,3 ; 797,0 ; 0,5 ;-0,1 ; 0,1 ; 0,2 ; 8.280,8 ; 0,3 ; 0,2 ; 3.802,0 ; 0,1 ; 3.423,8 ; 1.536,7 ; 282,2 ; 1.179,1 ; 2.984,7 ; 3.162,4 ; 1.538,3 ; 3.782,8 ; 2.069,8 ; 3.433,1 ; 848,2 ; 4.443,1 ; 1.580,9 ; 1.907,2 ; 4.820,6 ; 1.346,1 ; 2.895,9 ; 2.692,7 ; 1.445,1 ; 3.312,3 ; 1.172,1 ; 1.494,6 ; 2.488,7 ; 2.089,4 ; 1.588,9 ; 1.881,5 ; 3.016,3 ; 1.089,9 ; 602,0 ; 1.953,2 ; 296,4 ; 1.872,4 ; 1.065,1 ; 539,8 ; 2.577,8 ; 456,4 ; 1.099,7 ; 652,5 ; 895,9 ; 2.373,5 ; 676,8 ; 4.677,7 ; 5.183,3 ; 10,9 ; 92,2 ; 4,8 ; 1.001,5 ; 857,9 ; 2.279,0 ; 427,2 ; 246,0 ; 53,5 ; 728,7 ; 168,2 ; 5.226,0 ; 11,0 ; 260,1 ; 1.102,3 ; 1.445,4 ; 331,0 ; 333,5 ; 433,5 ; 457,6 ; 702,4 ; 1.061,2 ; 538,6 ; 3.432,7 ; 136,8 ; 136,4 ; 593,6 ; 4.348,0 ; 837,8 ; 611,6 ; 334,5 ; 253,2 ; 630,2 ; 114,6 ; 390,0 ; 5.330,3 ; 13,3 ; 471,4 ; 0,2 ; 0,1 ; 117,5 ; 29.917,5 ; 150,0 ; 6.691,8 ; 22.133,1 ; 6.667,7 ; 838,4 ; 13.555,2 ; 0,1 ; 0,1 ; 0,2 ; 99,5 ; 810,4 ; 3.831,3 ; 5.537,1 ; 125,7 ; 9,5 ; 2,7 ; 4.607,3 ; 8.598,2 ; 0,0 ; 0,1 ; 143,7 ; 2,8 ; 438,6 ; 0,3 ; 0,5 ; 358,7 ; 92,5 ; 109,7 ; 195,5 ; 2.725,9 ; 0,2 ; 319,9 ; 0,2 ; 148,9 ; 1.299,5 ; 953,2 ; 3.199,4 ; 0,1 ; 691,2 ; 2.083,7 ; 2.038,3 ; 5.512,1 ; 0,2 ; 1.878,1 ; 509,5 ; 305,2 ; 5.010,9 ; 1.108,8 ; 2.565,7 ; 811,5 ; 1.526,2 
1.3. Ajuste de Ordem Banc ria 3/; 560,6 ; 0,8 ; 0,1 ; 0,8 ; 0,7 ; 5,1 ; 0,2 ; 0,1 ; 20,3 ; 0,0 ; 0,3 ;-372,8 ; 201,4 ; 52,9 ;-305,2 ; 112,9 ;-15,8 ;-8,2 ;-55,9 ;-456,8 ; 491,1 ;-90,0 ;-174,6 ;-1.756,3 ; 1.918,8 ;-381,8 ; 453,2 ;-731,5 ; 535,6 ;-1.314,1 ; 413,4 ;-886,8 ; 1.350,4 ; 428,9 ; 442,9 ;-7.568,8 ; 7.424,6 ;-61,5 ;-341,4 ;-31,7 ;-634,5 ; 710,3 ; 269,9 ;-496,2 ; 305,0 ; 233,9 ;-1.546,3 ;-5.341,3 ; 6.889,4 ;-112,6 ;-500,3 ; 478,4 ;-133,5 ;-1.583,0 ; 1.325,2 ;-93,2 ;-1.550,3 ; 1.601,5 ;-291,7 ;-5.257,4 ; 5.820,1 ;-357,9 ; 440,7 ;-1.001,9 ;-554,8 ; 542,2 ; 260,7 ;-1.833,1 ; 306,4 ; 684,3 ;-964,6 ;-4.664,4 ; 5.658,2 ;-1.401,0 ;-247,3 ; 1.419,3 ;-1.037,0 ; 1.476,0 ;-24,1 ;-5.293,5 ; 4.019,6 ; 921,9 ; 622,5 ;-3.373,7 ; 3.199,1 ;-18,2 ; 210,1 ; 805,4 ; 55,3 ; 43,8 ;-234,9 ;-1.117,2 ; 797,1 ; 549,1 ;-1.858,2 ; 823,7 ; 697,4 ; 247,4 ; 0,1 ;-107,7 ; 43,9 ;-139,3 ; 124,7 ;-121,4 ; 251,4 ;-66,3 ;-1.252,1 ; 1.082,1 ; 36,5 ; 72,4 ; 135,2 ;-110,0 ; 24,0 ;-15,5 ; 99,2 ; 11,9 ;-82,9 ;-459,1 ; 441,7 ;-756,9 ; 806,0 ;-97,2 ; 107,3 ;-48,5 ;-308,0 ; 178,9 ;-71,5 ; 183,3 ;-25,8 ;-568,8 ; 462,3 ; 275,4 ; -   ; -   ; -   ; -   ; -   ; -   ; -   ; -   ; -   ; -   ; -   ; -   ; -   ; -   ; -   ; -   ; -   ; -   ; -   ; -   ; -   ; -   ; -   ; -   ; -   ; -   ; -   ; -   ; -   ; -   ; -   ; -   ; -   ; -   ; -   ; -   ; -   ; -   ; -   ; -   ; -   ; -   ; -   ; -   ; -   ; -   ; -   ; -   ; -   ; -   ; -   ; -   ; -   ; -   ; -   ; -   ; -   ; -   ; -   ; -   ; -   ; -   ; -   ; -   ; -   ; -   ; -   ; -   ; -   
